"","genes","logFC","AveExpr","t","P.Value","adj.P.Val","B","tid","V2","V3","V4","V5","V6","V7","V8","V9","V10","V11","V12","V13","V14"
"1","g1060",6.44570504428207,1.46874961573104,10.9626677408435,6.04949608078626e-11,3.15061116718505e-08,15.1257662411028,"g1060.t1",NA,NA,NA,NA,NA,NA,NA,NA,NA,NA,NA,NA,NA
"2","g10916",5.19358796911463,-3.34101751860989,8.07672833471961,2.25609519494779e-08,3.84973835562944e-06,9.15223190529536,"g10916.t1","d8419020b3f2ba88a749b1170bc18bb1",610,"Pfam","PF15299","Amyotrophic lateral sclerosis 2 chromosomal region candidate gene 8",79,182,"1.2E-12",TRUE,"27-07-2020","IPR029309","Calcium-responsive transcription factor",""
"3","g10916",5.19358796911463,-3.34101751860989,8.07672833471961,2.25609519494779e-08,3.84973835562944e-06,9.15223190529536,"g10916.t1","d8419020b3f2ba88a749b1170bc18bb1",610,"Pfam","PF10551","MULE transposase domain",259,350,"6.1E-17",TRUE,"27-07-2020","IPR018289","MULE transposase domain",""
"4","g10961",6.51578745825499,-2.40948012486808,7.0292242874936,2.53095504843247e-07,2.82049601416512e-05,6.97285153949808,"g10961.t1","dc8961da5d9824ff34c5939695d98706",733,"Pfam","PF15299","Amyotrophic lateral sclerosis 2 chromosomal region candidate gene 8",79,249,"3.0E-20",TRUE,"27-07-2020","IPR029309","Calcium-responsive transcription factor",""
"5","g10961",6.51578745825499,-2.40948012486808,7.0292242874936,2.53095504843247e-07,2.82049601416512e-05,6.97285153949808,"g10961.t1","dc8961da5d9824ff34c5939695d98706",733,"Pfam","PF10551","MULE transposase domain",313,404,"8.0E-17",TRUE,"27-07-2020","IPR018289","MULE transposase domain",""
"6","g10968",8.10702307025867,-2.24303861905044,11.177850428982,4.05300779044657e-11,2.30272251706311e-08,14.916394398132,"g10968.t1","14ce9231e8133513d086815ae4f3171b",214,"SignalP_EUK","SignalP-noTM","",1,22,"-",TRUE,"27-07-2020","","",""
"7","g11049",1.53587930300996,0.866673742564571,6.6140232153305,6.8586457694043e-07,6.03721828781978e-05,5.87231815410362,"g11049.t1","fd024e9545f0cb1a5485b2968679f77b",758,"SignalP_EUK","SignalP-noTM","",1,25,"-",TRUE,"27-07-2020","","",""
"8","g1128",3.7253542648751,5.11022361243524,14.5490387304493,1.42869624144186e-13,2.16872742620815e-10,20.9833413843514,"g1128.t1","f17849298a808d3e4d70feb366757268",933,"Pfam","PF00621","RhoGEF domain",541,727,"7.5E-37",TRUE,"27-07-2020","IPR000219","Dbl homology (DH) domain","GO:0005089|GO:0035023"
"9","g11372",6.44081248572941,-1.75444904525769,7.56421838507644,7.2322298733415e-08,1.01191849175582e-05,8.18808053699033,"g11372.t1",NA,NA,NA,NA,NA,NA,NA,NA,NA,NA,NA,NA,NA
"10","g1157",-2.10315435597995,1.26202786246345,-8.3968365742608,1.10930882591149e-08,2.31093679744607e-06,10.0422424285444,"g1157.t1","afc5abc4a79db670c595989ccb809a97",437,"Pfam","PF05577","Serine carboxypeptidase S28",352,425,"1.1E-14",TRUE,"27-07-2020","IPR008758","Peptidase S28","GO:0006508|GO:0008236"
"11","g1157",-2.10315435597995,1.26202786246345,-8.3968365742608,1.10930882591149e-08,2.31093679744607e-06,10.0422424285444,"g1157.t1","afc5abc4a79db670c595989ccb809a97",437,"Pfam","PF05577","Serine carboxypeptidase S28",46,347,"4.1E-65",TRUE,"27-07-2020","IPR008758","Peptidase S28","GO:0006508|GO:0008236"
"12","g1157",-2.10315435597995,1.26202786246345,-8.3968365742608,1.10930882591149e-08,2.31093679744607e-06,10.0422424285444,"g1157.t1","afc5abc4a79db670c595989ccb809a97",437,"SignalP_EUK","SignalP-noTM","",1,15,"-",TRUE,"27-07-2020","","",""
"13","g11595",4.15113202932948,-3.17718893260373,7.46952368036015,9.00312887042125e-08,1.22525970102112e-05,7.88998947400921,"g11595.t1","d14123277f7512ec7e8c60d366a7c288",843,"Pfam","PF05225","helix-turn-helix, Psq domain",11,45,"3.4E-6",TRUE,"27-07-2020","IPR007889","DNA binding HTH domain, Psq-type","GO:0003677"
"14","g11595",4.15113202932948,-3.17718893260373,7.46952368036015,9.00312887042125e-08,1.22525970102112e-05,7.88998947400921,"g11595.t1","d14123277f7512ec7e8c60d366a7c288",843,"Pfam","PF03221","Tc5 transposase DNA-binding domain",66,131,"3.2E-5",TRUE,"27-07-2020","IPR006600","HTH CenpB-type DNA-binding domain",""
"15","g11595",4.15113202932948,-3.17718893260373,7.46952368036015,9.00312887042125e-08,1.22525970102112e-05,7.88998947400921,"g11595.t1","d14123277f7512ec7e8c60d366a7c288",843,"Pfam","PF03184","DDE superfamily endonuclease",213,378,"8.6E-20",TRUE,"27-07-2020","IPR004875","DDE superfamily endonuclease domain","GO:0003676"
"16","g11609",3.64863556890511,-0.23360649684917,6.79414154143107,4.43917034163013e-07,4.26571991043426e-05,6.48597776103189,"g11609.t1","09b8f60b3fccbf9e7760c8531d13055d",290,"Pfam","PF00041","Fibronectin type III domain",166,255,"6.9E-8",TRUE,"27-07-2020","IPR003961","Fibronectin type III","GO:0005515"
"17","g11609",3.64863556890511,-0.23360649684917,6.79414154143107,4.43917034163013e-07,4.26571991043426e-05,6.48597776103189,"g11609.t1","09b8f60b3fccbf9e7760c8531d13055d",290,"SignalP_EUK","SignalP-noTM","",1,23,"-",TRUE,"27-07-2020","","",""
"18","g11843",-1.47534468103581,0.943664912109495,-6.96534453448824,2.94644524800022e-07,3.17487942268714e-05,6.70190031251332,"g11843.t1",NA,NA,NA,NA,NA,NA,NA,NA,NA,NA,NA,NA,NA
"19","g11892",4.58782990786032,-1.76747977239536,7.61853857116222,6.3817163547961e-08,9.13364885008183e-06,8.34981158749452,"g11892.t1","32063178fd2241dbd19248b12a7a3f79",286,"SignalP_EUK","SignalP-noTM","",1,24,"-",TRUE,"27-07-2020","","",""
"20","g11905",4.77524119075189,-4.02978482746448,6.82420983448292,4.1297743281325e-07,4.11152666267922e-05,6.49120296112538,"g11905.t1","1e07270bcb7e407d9e401c72349eba81",290,"SignalP_EUK","SignalP-noTM","",1,22,"-",TRUE,"27-07-2020","","",""
"21","g11908",7.80652527360531,-3.20954999411971,9.32652310063148,1.52412912386757e-09,4.44424978581945e-07,11.6897470618021,"g11908.t1","87f06100f57d968d4bd1c5823a43209b",151,"SignalP_EUK","SignalP-noTM","",1,27,"-",TRUE,"27-07-2020","","",""
"22","g12072",-1.47625693375834,3.97924085697186,-8.64894748992658,6.40326690993846e-09,1.482158657956e-06,9.91085624137812,"g12072.t1",NA,NA,NA,NA,NA,NA,NA,NA,NA,NA,NA,NA,NA
"23","g12078",-2.23852272538287,0.469861541615399,-8.9436803435902,3.40434500788336e-09,8.86500896566737e-07,11.1879268602801,"g12078.t1","0a0ce8092ce4058376e87fde0da34806",462,"Pfam","PF00076","RNA recognition motif. (a.k.a. RRM, RBD, or RNP domain)",103,170,"2.6E-20",TRUE,"27-07-2020","IPR000504","RNA recognition motif domain","GO:0003676"
"24","g12078",-2.23852272538287,0.469861541615399,-8.9436803435902,3.40434500788336e-09,8.86500896566737e-07,11.1879268602801,"g12078.t1","0a0ce8092ce4058376e87fde0da34806",462,"Pfam","PF00076","RNA recognition motif. (a.k.a. RRM, RBD, or RNP domain)",15,85,"1.5E-19",TRUE,"27-07-2020","IPR000504","RNA recognition motif domain","GO:0003676"
"25","g12078",-2.23852272538287,0.469861541615399,-8.9436803435902,3.40434500788336e-09,8.86500896566737e-07,11.1879268602801,"g12078.t1","0a0ce8092ce4058376e87fde0da34806",462,"Pfam","PF00076","RNA recognition motif. (a.k.a. RRM, RBD, or RNP domain)",300,367,"1.1E-18",TRUE,"27-07-2020","IPR000504","RNA recognition motif domain","GO:0003676"
"26","g12078",-2.23852272538287,0.469861541615399,-8.9436803435902,3.40434500788336e-09,8.86500896566737e-07,11.1879268602801,"g12078.t1","0a0ce8092ce4058376e87fde0da34806",462,"Pfam","PF00076","RNA recognition motif. (a.k.a. RRM, RBD, or RNP domain)",196,259,"8.3E-22",TRUE,"27-07-2020","IPR000504","RNA recognition motif domain","GO:0003676"
"27","g1208",5.74121826379639,-2.87207324622198,11.6115614641045,1.83688135738751e-11,1.2299888774878e-08,15.42453430741,"g1208.t1",NA,NA,NA,NA,NA,NA,NA,NA,NA,NA,NA,NA,NA
"28","g1211",-5.20792079522026,-3.64142013530206,-8.16598949233804,1.84838389630233e-08,3.39758330115416e-06,9.41656028154942,"g1211.t1","c72a27d9a387db53ce69824a0ac456fb",192,"SignalP_EUK","SignalP-noTM","",1,22,"-",TRUE,"27-07-2020","","",""
"29","g1218",5.5139178908546,-2.92829912239306,8.5543317386273,7.86206421054709e-09,1.75483145099461e-06,10.2195880528457,"g1218.t1",NA,NA,NA,NA,NA,NA,NA,NA,NA,NA,NA,NA,NA
"30","g12224",0.914793125179749,5.19430226130725,8.76473658390612,4.98907250643897e-09,1.19923231311826e-06,10.0422061470273,"g12224.t1",NA,NA,NA,NA,NA,NA,NA,NA,NA,NA,NA,NA,NA
"31","g12378",5.03421249736939,-4.36092432912816,11.6488171584132,1.71782575027038e-11,1.2299888774878e-08,15.3975273172053,"g12378.t1",NA,NA,NA,NA,NA,NA,NA,NA,NA,NA,NA,NA,NA
"32","g1248",-4.43866800477078,-4.29334768878793,-7.00989973661421,2.64991085533132e-07,2.90544904249164e-05,6.87209088936792,"g1248.t1",NA,NA,NA,NA,NA,NA,NA,NA,NA,NA,NA,NA,NA
"33","g12627",0.886842522537784,5.70882242375902,7.24766754761823,1.51088166119638e-07,1.83875111848887e-05,6.36055055549261,"g12627.t1","bac34c998ea026fd3ae656dc2d9358d4",582,"Pfam","PF00245","Alkaline phosphatase",108,552,"7.2E-106",TRUE,"27-07-2020","IPR001952","Alkaline phosphatase","GO:0016791"
"34","g12647",-0.918142200234838,5.29899540451102,-7.54794800185275,7.50895773599359e-08,1.04285517475662e-05,7.18619817304142,"g12647.t1","d10d888c6c966a5b5db6f675469e81e2",223,"Pfam","PF10237","Probable N6-adenine methyltransferase",49,213,"3.3E-50",TRUE,"27-07-2020","IPR041370","Methyltransferase EEF1AKMT1/ZCCHC4","GO:0008168"
"35","g12841",-4.92157849397637,-3.17394147146104,-12.4488778057089,4.22209463780993e-12,4.16631854548938e-09,16.6215182387549,"g12841.t1","52eba16b2b778159ceca9682c74779fc",152,"Pfam","PF10260","Uncharacterized conserved domain (SAYSvFN)",78,146,"2.9E-28",TRUE,"27-07-2020","IPR019387","Uncharacterised domain SAYSvFN",""
"36","g12888",-0.794853452076385,3.70399069588588,-8.83974075151244,4.24838635820473e-09,1.06203994439974e-06,10.4900262920639,"g12888.t1",NA,NA,NA,NA,NA,NA,NA,NA,NA,NA,NA,NA,NA
"37","g12894",0.988359322416359,7.17208390181537,6.96031441530842,2.98198823390248e-07,3.19481699413929e-05,5.68306004877168,"g12894.t1",NA,NA,NA,NA,NA,NA,NA,NA,NA,NA,NA,NA,NA
"38","g13042",-4.68428916305636,-1.80806379306088,-9.20487983938262,1.96344435922498e-09,5.41362033692782e-07,11.4875321375387,"g13042.t1",NA,NA,NA,NA,NA,NA,NA,NA,NA,NA,NA,NA,NA
"39","g13171",4.26545317255336,-3.64833089780416,9.81829449264745,5.58122174438205e-10,1.97438351859281e-07,12.3646196783229,"g13171.t1",NA,NA,NA,NA,NA,NA,NA,NA,NA,NA,NA,NA,NA
"40","g13191",5.67815732671688,-3.59965306503292,15.995982607593,1.72595465959745e-14,6.47198478255851e-11,20.9450956490778,"g13191.t1","6a05b99f30c14885f53042d97e569a0b",318,"SignalP_EUK","SignalP-noTM","",1,16,"-",TRUE,"27-07-2020","","",""
"41","g13198",1.32737796249415,1.74988130727579,6.77849632572976,4.60941727845828e-07,4.3428122891364e-05,6.22962592643826,"g13198.t1",NA,NA,NA,NA,NA,NA,NA,NA,NA,NA,NA,NA,NA
"42","g13321",5.98608555838521,-3.17629273729504,11.2320089704853,3.66741157561647e-11,2.14875936347604e-08,14.9033123922159,"g13321.t1",NA,NA,NA,NA,NA,NA,NA,NA,NA,NA,NA,NA,NA
"43","g13495",-4.5159047939962,1.62898151291483,-10.5053291768229,1.44267382832206e-10,6.92705924121855e-08,14.3053244739022,"g13495.t1","293138c97810ef5ef2e4fb6b7ade4bdc",522,"Pfam","PF04389","Peptidase family M28",228,422,"1.4E-41",TRUE,"27-07-2020","IPR007484","Peptidase M28",""
"44","g13497",-5.01586961986323,2.23119189734197,-11.1366651015308,4.37412888988038e-11,2.41207478106962e-08,15.4797708844678,"g13497.t1",NA,NA,NA,NA,NA,NA,NA,NA,NA,NA,NA,NA,NA
"45","g13530",5.65760901941651,6.04104472289721,25.1008400090341,5.09587445294417e-19,9.55425501182503e-15,33.6048815907482,"g13530.t1","60b0fafa2b92247241c9ead47cd7709d",1036,"Pfam","PF05184","Saposin-like type B, region 1",638,674,"8.3E-10",TRUE,"27-07-2020","IPR007856","Saposin-like type B, region 1","GO:0006629"
"46","g13530",5.65760901941651,6.04104472289721,25.1008400090341,5.09587445294417e-19,9.55425501182503e-15,33.6048815907482,"g13530.t1","60b0fafa2b92247241c9ead47cd7709d",1036,"Pfam","PF03489","Saposin-like type B, region 2",595,627,"3.1E-9",TRUE,"27-07-2020","IPR008138","Saposin B type, region 2",""
"47","g13530",5.65760901941651,6.04104472289721,25.1008400090341,5.09587445294417e-19,9.55425501182503e-15,33.6048815907482,"g13530.t1","60b0fafa2b92247241c9ead47cd7709d",1036,"Pfam","PF02199","Saposin A-type domain",197,228,"1.1E-9",TRUE,"27-07-2020","IPR003119","Saposin A-type domain",""
"48","g13530",5.65760901941651,6.04104472289721,25.1008400090341,5.09587445294417e-19,9.55425501182503e-15,33.6048815907482,"g13530.t1","60b0fafa2b92247241c9ead47cd7709d",1036,"Pfam","PF05184","Saposin-like type B, region 1",239,275,"2.7E-10",TRUE,"27-07-2020","IPR007856","Saposin-like type B, region 1","GO:0006629"
"49","g13530",5.65760901941651,6.04104472289721,25.1008400090341,5.09587445294417e-19,9.55425501182503e-15,33.6048815907482,"g13530.t1","60b0fafa2b92247241c9ead47cd7709d",1036,"Pfam","PF03489","Saposin-like type B, region 2",479,512,"2.3E-8",TRUE,"27-07-2020","IPR008138","Saposin B type, region 2",""
"50","g13530",5.65760901941651,6.04104472289721,25.1008400090341,5.09587445294417e-19,9.55425501182503e-15,33.6048815907482,"g13530.t1","60b0fafa2b92247241c9ead47cd7709d",1036,"Pfam","PF03489","Saposin-like type B, region 2",123,152,"2.8E-5",TRUE,"27-07-2020","IPR008138","Saposin B type, region 2",""
"51","g13530",5.65760901941651,6.04104472289721,25.1008400090341,5.09587445294417e-19,9.55425501182503e-15,33.6048815907482,"g13530.t1","60b0fafa2b92247241c9ead47cd7709d",1036,"Pfam","PF02199","Saposin A-type domain",998,1029,"4.8E-10",TRUE,"27-07-2020","IPR003119","Saposin A-type domain",""
"52","g13530",5.65760901941651,6.04104472289721,25.1008400090341,5.09587445294417e-19,9.55425501182503e-15,33.6048815907482,"g13530.t1","60b0fafa2b92247241c9ead47cd7709d",1036,"Pfam","PF03489","Saposin-like type B, region 2",679,712,"5.5E-9",TRUE,"27-07-2020","IPR008138","Saposin B type, region 2",""
"53","g13530",5.65760901941651,6.04104472289721,25.1008400090341,5.09587445294417e-19,9.55425501182503e-15,33.6048815907482,"g13530.t1","60b0fafa2b92247241c9ead47cd7709d",1036,"Pfam","PF05184","Saposin-like type B, region 1",553,587,"3.5E-7",TRUE,"27-07-2020","IPR007856","Saposin-like type B, region 1","GO:0006629"
"54","g13530",5.65760901941651,6.04104472289721,25.1008400090341,5.09587445294417e-19,9.55425501182503e-15,33.6048815907482,"g13530.t1","60b0fafa2b92247241c9ead47cd7709d",1036,"Pfam","PF05184","Saposin-like type B, region 1",828,864,"5.7E-8",TRUE,"27-07-2020","IPR007856","Saposin-like type B, region 1","GO:0006629"
"55","g13530",5.65760901941651,6.04104472289721,25.1008400090341,5.09587445294417e-19,9.55425501182503e-15,33.6048815907482,"g13530.t1","60b0fafa2b92247241c9ead47cd7709d",1036,"Pfam","PF03489","Saposin-like type B, region 2",873,904,"3.1E-5",TRUE,"27-07-2020","IPR008138","Saposin B type, region 2",""
"56","g13530",5.65760901941651,6.04104472289721,25.1008400090341,5.09587445294417e-19,9.55425501182503e-15,33.6048815907482,"g13530.t1","60b0fafa2b92247241c9ead47cd7709d",1036,"Pfam","PF03489","Saposin-like type B, region 2",281,314,"1.8E-8",TRUE,"27-07-2020","IPR008138","Saposin B type, region 2",""
"57","g13530",5.65760901941651,6.04104472289721,25.1008400090341,5.09587445294417e-19,9.55425501182503e-15,33.6048815907482,"g13530.t1","60b0fafa2b92247241c9ead47cd7709d",1036,"Pfam","PF02199","Saposin A-type domain",38,63,"2.4E-8",TRUE,"27-07-2020","IPR003119","Saposin A-type domain",""
"58","g13530",5.65760901941651,6.04104472289721,25.1008400090341,5.09587445294417e-19,9.55425501182503e-15,33.6048815907482,"g13530.t1","60b0fafa2b92247241c9ead47cd7709d",1036,"SignalP_EUK","SignalP-noTM","",1,20,"-",TRUE,"27-07-2020","","",""
"59","g13530",5.65760901941651,6.04104472289721,25.1008400090341,5.09587445294417e-19,9.55425501182503e-15,33.6048815907482,"g13530.t1","60b0fafa2b92247241c9ead47cd7709d",1036,"Pfam","PF05184","Saposin-like type B, region 1",439,473,"1.1E-6",TRUE,"27-07-2020","IPR007856","Saposin-like type B, region 1","GO:0006629"
"60","g13531",6.05668542366972,-1.64092329548502,10.4928348004185,1.47785145687099e-10,6.92705924121855e-08,13.9225538355688,"g13531.t1","bd05729323df3d16d301982aa0ce7861",297,"Pfam","PF05485","THAP domain",5,85,"1.9E-16",TRUE,"27-07-2020","IPR006612","THAP-type zinc finger","GO:0003676"
"61","g14115",-1.77432289423149,2.81396297298933,-7.76096985908419,4.60541318089198e-08,6.85292791496378e-06,8.30271684965548,"g14115.t1","4979a07ba1bb30c98cb0bf9baa5156d8",805,"Pfam","PF00567","Tudor domain",443,565,"5.2E-24",TRUE,"27-07-2020","IPR002999","Tudor domain",""
"62","g14115",-1.77432289423149,2.81396297298933,-7.76096985908419,4.60541318089198e-08,6.85292791496378e-06,8.30271684965548,"g14115.t1","4979a07ba1bb30c98cb0bf9baa5156d8",805,"Pfam","PF00567","Tudor domain",249,366,"8.1E-14",TRUE,"27-07-2020","IPR002999","Tudor domain",""
"63","g14229",-1.04174642358439,3.71273052838839,-8.12755373698864,2.01377356009375e-08,3.63040773828824e-06,8.80124937016281,"g14229.t1","72196d99d49547c1d2e04ae4d6afbea9",1212,"Pfam","PF05192","MutS domain III",423,739,"1.5E-27",TRUE,"27-07-2020","IPR007696","DNA mismatch repair protein MutS, core","GO:0005524|GO:0006298|GO:0030983"
"64","g14229",-1.04174642358439,3.71273052838839,-8.12755373698864,2.01377356009375e-08,3.63040773828824e-06,8.80124937016281,"g14229.t1","72196d99d49547c1d2e04ae4d6afbea9",1212,"Pfam","PF05188","MutS domain II",266,397,"1.6E-8",TRUE,"27-07-2020","IPR007860","DNA mismatch repair protein MutS, connector domain","GO:0005524|GO:0006298|GO:0030983"
"65","g14229",-1.04174642358439,3.71273052838839,-8.12755373698864,2.01377356009375e-08,3.63040773828824e-06,8.80124937016281,"g14229.t1","72196d99d49547c1d2e04ae4d6afbea9",1212,"Pfam","PF00488","MutS domain V",789,981,"2.7E-59",TRUE,"27-07-2020","IPR000432","DNA mismatch repair protein MutS, C-terminal","GO:0005524|GO:0006298|GO:0030983"
"66","g1438",-7.27561762589068,-0.909568104417175,-9.52596262568722,1.01034241577037e-09,3.21066270394554e-07,12.2110491389466,"g1438.t1","135f1c2985193c46d4aba77424be2880",814,"Pfam","PF12017","Transposase protein",96,291,"1.1E-8",TRUE,"27-07-2020","IPR021896","Transposase protein","GO:0004803|GO:0006313"
"67","g14490",-4.14605139561837,0.204904869739626,-6.67172269232724,5.96391454754151e-07,5.3501164522419e-05,6.16056299586023,"g14490.t1",NA,NA,NA,NA,NA,NA,NA,NA,NA,NA,NA,NA,NA
"68","g14546",1.98137410444733,4.57165114126902,7.24507263088688,1.52011533076844e-07,1.83875111848887e-05,6.80167361245351,"g14546.t1","61a13f526ee1ce15961a9cc87f6ca13f",1112,"Pfam","PF18694","Transactive response DNA-binding protein N-terminal domain",279,343,"9.4E-15",TRUE,"27-07-2020","IPR041105","TAR DNA-binding protein 43, N-terminal",""
"69","g14658",6.04810818385307,-2.22815660723058,8.29784020122761,1.37964109627778e-08,2.74153236237857e-06,9.67682612832895,"g14658.t1",NA,NA,NA,NA,NA,NA,NA,NA,NA,NA,NA,NA,NA
"70","g14876",-1.87090728890498,0.767705879677238,-8.41522825088282,1.0654149413674e-08,2.24443423996599e-06,9.92728625182792,"g14876.t1","a30f72dca9fb78db31c1797ef899141d",397,"Pfam","PF04710","Pellino",15,396,"4.9E-134",TRUE,"27-07-2020","IPR006800","Pellino family","GO:0000209|GO:0008592|GO:0061630"
"71","g15120",1.12669336861707,2.27747579410186,9.22322965618243,1.88961072961444e-09,5.28780769694644e-07,11.6410880503792,"g15120.t1","626c4b0563661a8791d244a343896d20",268,"Pfam","PF01728","FtsJ-like methyltransferase",89,179,"1.5E-26",TRUE,"27-07-2020","IPR002877","Ribosomal RNA methyltransferase FtsJ domain","GO:0008168|GO:0032259"
"72","g15222",-4.01506642443799,-4.59281912684887,-6.49922028073246,9.06833399643238e-07,7.29708987549831e-05,5.73382957039526,"g15222.t1","19dfe110c80dab934ad0d711d3697ef8",1736,"Pfam","PF05970","PIF1-like helicase",1147,1452,"1.2E-30",TRUE,"27-07-2020","IPR010285","DNA helicase Pif1-like","GO:0000723|GO:0003678|GO:0006281"
"73","g15222",-4.01506642443799,-4.59281912684887,-6.49922028073246,9.06833399643238e-07,7.29708987549831e-05,5.73382957039526,"g15222.t1","19dfe110c80dab934ad0d711d3697ef8",1736,"Pfam","PF00443","Ubiquitin carboxyl-terminal hydrolase",1463,1733,"3.1E-8",TRUE,"27-07-2020","IPR001394","Peptidase C19, ubiquitin carboxyl-terminal hydrolase","GO:0016579|GO:0036459"
"74","g15222",-4.01506642443799,-4.59281912684887,-6.49922028073246,9.06833399643238e-07,7.29708987549831e-05,5.73382957039526,"g15222.t1","19dfe110c80dab934ad0d711d3697ef8",1736,"Pfam","PF14214","Helitron helicase-like domain at N-terminus",542,675,"6.5E-25",TRUE,"27-07-2020","IPR025476","Helitron helicase-like domain",""
"75","g15268",4.25732372699387,-3.63157049583575,7.57420593837235,7.06755803083814e-08,9.96313124211911e-06,8.14777211658711,"g15268.t1","58ea0d503c621fb9164c9fd37d799598",103,"SignalP_EUK","SignalP-noTM","",1,18,"-",TRUE,"27-07-2020","","",""
"76","g15527",5.49901802728379,-2.6841804646777,7.86092335372728,3.66897597576991e-08,5.59265289184634e-06,8.72213973370956,"g15527.t1",NA,NA,NA,NA,NA,NA,NA,NA,NA,NA,NA,NA,NA
"77","g15704",-1.41721618148667,4.61777248185837,-14.5153621049656,1.50373121450243e-13,2.16872742620815e-10,20.7932761145273,"g15704.t1","cd54cc5df71888669da57be55faf7e84",1039,"Pfam","PF00493","MCM P-loop domain",302,506,"8.6E-76",TRUE,"27-07-2020","IPR001208","MCM domain","GO:0003677|GO:0005524|GO:0006270"
"78","g15704",-1.41721618148667,4.61777248185837,-14.5153621049656,1.50373121450243e-13,2.16872742620815e-10,20.7932761145273,"g15704.t1","cd54cc5df71888669da57be55faf7e84",1039,"Pfam","PF17207","MCM OB domain",118,243,"5.2E-21",TRUE,"27-07-2020","IPR033762","MCM OB domain",""
"79","g15704",-1.41721618148667,4.61777248185837,-14.5153621049656,1.50373121450243e-13,2.16872742620815e-10,20.7932761145273,"g15704.t1","cd54cc5df71888669da57be55faf7e84",1039,"Pfam","PF17855","MCM AAA-lid domain",523,605,"2.0E-14",TRUE,"27-07-2020","IPR041562","MCM, AAA-lid domain",""
"80","g1574",3.61094867397842,0.0246346491591159,8.65024625696571,6.38530510809791e-09,1.482158657956e-06,10.5973099596546,"g1574.t1","4006ca55d7412db6e74dee80197933e9",241,"SignalP_EUK","SignalP-noTM","",1,16,"-",TRUE,"27-07-2020","","",""
"81","g1576",2.42497124173106,2.56127656422253,6.75762345150961,4.84698261881963e-07,4.49881569902224e-05,5.95942793578381,"g1576.t1",NA,NA,NA,NA,NA,NA,NA,NA,NA,NA,NA,NA,NA
"82","g15797",-8.44630191970772,0.591412121802686,-7.60687322820471,6.55528807167417e-08,9.31099212544084e-06,8.33579951530348,"g15797.t1","58b90f7112e4ad87bf1a46a4c43c049d",253,"Pfam","PF02135","TAZ zinc finger",22,93,"1.8E-10",TRUE,"27-07-2020","IPR000197","Zinc finger, TAZ-type","GO:0003712|GO:0004402|GO:0005634|GO:0006355|GO:0008270"
"83","g15797",-8.44630191970772,0.591412121802686,-7.60687322820471,6.55528807167417e-08,9.31099212544084e-06,8.33579951530348,"g15797.t1","58b90f7112e4ad87bf1a46a4c43c049d",253,"Pfam","PF02135","TAZ zinc finger",135,201,"3.1E-9",TRUE,"27-07-2020","IPR000197","Zinc finger, TAZ-type","GO:0003712|GO:0004402|GO:0005634|GO:0006355|GO:0008270"
"84","g15798",-7.74699591125589,0.16657361380936,-7.93153036092016,3.12718100237529e-08,5.01124073619952e-06,9.04610077660788,"g15798.t1","a64c3da53b06c723b2e76646c223fa4f",584,"Pfam","PF07707","BTB And C-terminal Kelch",137,224,"2.3E-4",TRUE,"27-07-2020","IPR011705","BTB/Kelch-associated",""
"85","g15798",-7.74699591125589,0.16657361380936,-7.93153036092016,3.12718100237529e-08,5.01124073619952e-06,9.04610077660788,"g15798.t1","a64c3da53b06c723b2e76646c223fa4f",584,"Pfam","PF00651","BTB/POZ domain",21,125,"2.6E-24",TRUE,"27-07-2020","IPR000210","BTB/POZ domain","GO:0005515"
"86","g15822",1.42554079265751,4.59503667429207,7.87139278750099,3.58292308249799e-08,5.50624794047171e-06,8.00190467641186,"g15822.t1","3e6d87a044ca1f8710cd0d3e384422d3",1884,"Pfam","PF00057","Low-density lipoprotein receptor domain class A",83,118,"8.4E-9",TRUE,"27-07-2020","IPR002172","Low-density lipoprotein (LDL) receptor class A repeat","GO:0005515"
"87","g15822",1.42554079265751,4.59503667429207,7.87139278750099,3.58292308249799e-08,5.50624794047171e-06,8.00190467641186,"g15822.t1","3e6d87a044ca1f8710cd0d3e384422d3",1884,"Pfam","PF00722","Glycosyl hydrolases family 16",674,819,"1.7E-13",TRUE,"27-07-2020","IPR000757","Glycoside hydrolase family 16","GO:0004553|GO:0005975"
"88","g15822",1.42554079265751,4.59503667429207,7.87139278750099,3.58292308249799e-08,5.50624794047171e-06,8.00190467641186,"g15822.t1","3e6d87a044ca1f8710cd0d3e384422d3",1884,"Pfam","PF00057","Low-density lipoprotein receptor domain class A",42,79,"1.5E-11",TRUE,"27-07-2020","IPR002172","Low-density lipoprotein (LDL) receptor class A repeat","GO:0005515"
"89","g15822",1.42554079265751,4.59503667429207,7.87139278750099,3.58292308249799e-08,5.50624794047171e-06,8.00190467641186,"g15822.t1","3e6d87a044ca1f8710cd0d3e384422d3",1884,"Pfam","PF01822","WSC domain",1255,1336,"2.6E-17",TRUE,"27-07-2020","IPR002889","Carbohydrate-binding WSC",""
"90","g15822",1.42554079265751,4.59503667429207,7.87139278750099,3.58292308249799e-08,5.50624794047171e-06,8.00190467641186,"g15822.t1","3e6d87a044ca1f8710cd0d3e384422d3",1884,"Pfam","PF01822","WSC domain",946,1025,"1.7E-13",TRUE,"27-07-2020","IPR002889","Carbohydrate-binding WSC",""
"91","g15822",1.42554079265751,4.59503667429207,7.87139278750099,3.58292308249799e-08,5.50624794047171e-06,8.00190467641186,"g15822.t1","3e6d87a044ca1f8710cd0d3e384422d3",1884,"Pfam","PF01822","WSC domain",1049,1130,"3.0E-17",TRUE,"27-07-2020","IPR002889","Carbohydrate-binding WSC",""
"92","g15822",1.42554079265751,4.59503667429207,7.87139278750099,3.58292308249799e-08,5.50624794047171e-06,8.00190467641186,"g15822.t1","3e6d87a044ca1f8710cd0d3e384422d3",1884,"Pfam","PF00722","Glycosyl hydrolases family 16",1655,1789,"6.5E-11",TRUE,"27-07-2020","IPR000757","Glycoside hydrolase family 16","GO:0004553|GO:0005975"
"93","g15822",1.42554079265751,4.59503667429207,7.87139278750099,3.58292308249799e-08,5.50624794047171e-06,8.00190467641186,"g15822.t1","3e6d87a044ca1f8710cd0d3e384422d3",1884,"Pfam","PF01822","WSC domain",1464,1544,"7.8E-16",TRUE,"27-07-2020","IPR002889","Carbohydrate-binding WSC",""
"94","g15822",1.42554079265751,4.59503667429207,7.87139278750099,3.58292308249799e-08,5.50624794047171e-06,8.00190467641186,"g15822.t1","3e6d87a044ca1f8710cd0d3e384422d3",1884,"Pfam","PF01822","WSC domain",1150,1233,"3.4E-12",TRUE,"27-07-2020","IPR002889","Carbohydrate-binding WSC",""
"95","g15822",1.42554079265751,4.59503667429207,7.87139278750099,3.58292308249799e-08,5.50624794047171e-06,8.00190467641186,"g15822.t1","3e6d87a044ca1f8710cd0d3e384422d3",1884,"Pfam","PF00089","Trypsin",300,543,"3.1E-34",TRUE,"27-07-2020","IPR001254","Serine proteases, trypsin domain","GO:0004252|GO:0006508"
"96","g15822",1.42554079265751,4.59503667429207,7.87139278750099,3.58292308249799e-08,5.50624794047171e-06,8.00190467641186,"g15822.t1","3e6d87a044ca1f8710cd0d3e384422d3",1884,"Pfam","PF01822","WSC domain",1358,1443,"7.4E-10",TRUE,"27-07-2020","IPR002889","Carbohydrate-binding WSC",""
"97","g16062",5.82335898846602,-1.89955677142761,7.06445362780938,2.32794633692359e-07,2.64525247702911e-05,7.07677242430601,"g16062.t1","4170e8c38175bbec7e12ec64c8fdd20f",1183,"Pfam","PF07727","Reverse transcriptase (RNA-dependent DNA polymerase)",712,950,"1.8E-60",TRUE,"27-07-2020","IPR013103","Reverse transcriptase, RNA-dependent DNA polymerase",""
"98","g16062",5.82335898846602,-1.89955677142761,7.06445362780938,2.32794633692359e-07,2.64525247702911e-05,7.07677242430601,"g16062.t1","4170e8c38175bbec7e12ec64c8fdd20f",1183,"Pfam","PF14223","gag-polypeptide of LTR copia-type",58,196,"1.1E-25",TRUE,"27-07-2020","","",""
"99","g16062",5.82335898846602,-1.89955677142761,7.06445362780938,2.32794633692359e-07,2.64525247702911e-05,7.07677242430601,"g16062.t1","4170e8c38175bbec7e12ec64c8fdd20f",1183,"Pfam","PF13976","GAG-pre-integrase domain",480,529,"1.0E-6",TRUE,"27-07-2020","IPR025724","GAG-pre-integrase domain",""
"100","g16123",3.87393361084795,-0.692219958436095,6.53670646315787,8.27657382389135e-07,6.84113078003974e-05,5.7858935976324,"g16123.t1",NA,NA,NA,NA,NA,NA,NA,NA,NA,NA,NA,NA,NA
"101","g16189",3.06272046456468,0.995244330336436,8.69127354529717,5.84378196115142e-09,1.38689959480542e-06,10.4387182961573,"g16189.t1","7f55a8e3abcd0a0d2c9153926f06f6dc",326,"Pfam","PF00685","Sulfotransferase domain",59,320,"3.8E-65",TRUE,"27-07-2020","IPR000863","Sulfotransferase domain","GO:0008146"
"102","g1680",5.29462095495516,-3.78428039367784,6.59548349950966,7.17431643476065e-07,6.22737309422812e-05,5.98324396267016,"g1680.t1","de57d37d3ddd5ada29980656fa3280cd",347,"Pfam","PF00651","BTB/POZ domain",170,273,"7.6E-24",TRUE,"27-07-2020","IPR000210","BTB/POZ domain","GO:0005515"
"103","g16809",-7.61638900069173,-1.86301277238828,-7.20381072600601,1.67495225676835e-07,2.00023438612419e-05,7.42617113817134,"g16809.t1","0370eabc817736b925fc8603e52e2214",76,"SignalP_EUK","SignalP-noTM","",1,21,"-",TRUE,"27-07-2020","","",""
"104","g16810",-3.54383963708616,1.34184080275144,-7.38450772120947,1.09704588848664e-07,1.4185181629818e-05,7.53995005201401,"g16810.t1",NA,NA,NA,NA,NA,NA,NA,NA,NA,NA,NA,NA,NA
"105","g17025",-5.30797371181362,-2.81551961384363,-6.86419115748089,3.7521563920122e-07,3.86533957108993e-05,6.6456385924369,"g17025.t1","3fbce8c3ac5e6e32fa284bb42ae5ba1f",471,"SignalP_EUK","SignalP-noTM","",1,15,"-",TRUE,"27-07-2020","","",""
"106","g17034",-3.26040147259256,-2.10800696251216,-6.46167226579524,9.93893497265744e-07,7.82962570598128e-05,5.71116316476665,"g17034.t1","66348cf9c77b40ab15e44b0325f77d5d",135,"SignalP_EUK","SignalP-noTM","",1,24,"-",TRUE,"27-07-2020","","",""
"107","g17204",-3.66013279657469,2.48590490866289,-12.1638738588859,6.90697492513442e-12,5.63038577701501e-09,17.3012940703727,"g17204.t1","22799ea687dfffd8c2ea2a2bfa894c47",375,"Pfam","PF00098","Zinc knuckle",240,254,"4.5E-4",TRUE,"27-07-2020","IPR001878","Zinc finger, CCHC-type","GO:0003676|GO:0008270"
"108","g17204",-3.66013279657469,2.48590490866289,-12.1638738588859,6.90697492513442e-12,5.63038577701501e-09,17.3012940703727,"g17204.t1","22799ea687dfffd8c2ea2a2bfa894c47",375,"Pfam","PF00692","dUTPase",266,369,"2.1E-31",TRUE,"27-07-2020","IPR029054","dUTPase-like",""
"109","g17204",-3.66013279657469,2.48590490866289,-12.1638738588859,6.90697492513442e-12,5.63038577701501e-09,17.3012940703727,"g17204.t1","22799ea687dfffd8c2ea2a2bfa894c47",375,"Pfam","PF14223","gag-polypeptide of LTR copia-type",42,172,"8.7E-18",TRUE,"27-07-2020","","",""
"110","g17216",-2.90931212332425,-0.791112321317333,-6.89854125380674,3.45596278131418e-07,3.66078227044404e-05,6.61589057561578,"g17216.t1","045149cc55c3bc69f7899337657e61ee",425,"Pfam","PF07690","Major Facilitator Superfamily",18,340,"3.8E-36",TRUE,"27-07-2020","IPR011701","Major facilitator superfamily","GO:0016021|GO:0055085"
"111","g17315",0.847999838958446,4.55088381895234,6.81113249407406,4.26153761801195e-07,4.17035871170155e-05,5.68225493915296,"g17315.t1","c490c432ec985092974d75b298be5317",1516,"Pfam","PF13637","Ankyrin repeats (many copies)",512,564,"2.5E-6",TRUE,"27-07-2020","","",""
"112","g17317",-2.99599221328911,1.29329506450916,-7.42772650295717,9.92065919064855e-08,1.31313652007358e-05,7.83970148485656,"g17317.t1","8208d41e123a83620c8f280ee12203ee",392,"Pfam","PF00096","Zinc finger, C2H2 type",234,256,"4.5E-4",TRUE,"27-07-2020","IPR013087","Zinc finger C2H2-type","GO:0003676"
"113","g17317",-2.99599221328911,1.29329506450916,-7.42772650295717,9.92065919064855e-08,1.31313652007358e-05,7.83970148485656,"g17317.t1","8208d41e123a83620c8f280ee12203ee",392,"Pfam","PF00096","Zinc finger, C2H2 type",206,228,"1.8E-4",TRUE,"27-07-2020","IPR013087","Zinc finger C2H2-type","GO:0003676"
"114","g17317",-2.99599221328911,1.29329506450916,-7.42772650295717,9.92065919064855e-08,1.31313652007358e-05,7.83970148485656,"g17317.t1","8208d41e123a83620c8f280ee12203ee",392,"Pfam","PF12874","Zinc-finger of C2H2 type",82,102,"0.044",TRUE,"27-07-2020","","",""
"115","g17317",-2.99599221328911,1.29329506450916,-7.42772650295717,9.92065919064855e-08,1.31313652007358e-05,7.83970148485656,"g17317.t1","8208d41e123a83620c8f280ee12203ee",392,"Pfam","PF12874","Zinc-finger of C2H2 type",291,313,"0.0066",TRUE,"27-07-2020","","",""
"116","g17317",-2.99599221328911,1.29329506450916,-7.42772650295717,9.92065919064855e-08,1.31313652007358e-05,7.83970148485656,"g17317.t1","8208d41e123a83620c8f280ee12203ee",392,"Pfam","PF00096","Zinc finger, C2H2 type",49,72,"0.0011",TRUE,"27-07-2020","IPR013087","Zinc finger C2H2-type","GO:0003676"
"117","g17317",-2.99599221328911,1.29329506450916,-7.42772650295717,9.92065919064855e-08,1.31313652007358e-05,7.83970148485656,"g17317.t1","8208d41e123a83620c8f280ee12203ee",392,"Pfam","PF00096","Zinc finger, C2H2 type",178,200,"0.0077",TRUE,"27-07-2020","IPR013087","Zinc finger C2H2-type","GO:0003676"
"118","g17317",-2.99599221328911,1.29329506450916,-7.42772650295717,9.92065919064855e-08,1.31313652007358e-05,7.83970148485656,"g17317.t1","8208d41e123a83620c8f280ee12203ee",392,"Pfam","PF13912","C2H2-type zinc finger",265,285,"0.03",TRUE,"27-07-2020","","",""
"119","g17443",-4.35697589971654,-0.380782077091976,-8.22538394116255,1.61974525098813e-08,3.06753572836126e-06,9.65214844206753,"g17443.t1","8c3a5be63ee976dd044aa31c8aae7e77",453,"Pfam","PF00079","Serpin (serine protease inhibitor)",72,446,"1.8E-60",TRUE,"27-07-2020","IPR023796","Serpin domain",""
"120","g17771",-0.422591753698527,5.33833828415262,-8.83026543357408,4.33534420527524e-09,1.06676787580591e-06,10.1058972605297,"g17771.t1",NA,NA,NA,NA,NA,NA,NA,NA,NA,NA,NA,NA,NA
"121","g17872",-6.14273810065935,-2.27177931689396,-10.8608512974715,7.32535684140847e-11,3.71197609242074e-08,14.2585642702025,"g17872.t1","f82a60c68594ddad82e2bbf235d617ea",188,"Pfam","PF00067","Cytochrome P450",1,157,"1.0E-36",TRUE,"27-07-2020","IPR001128","Cytochrome P450","GO:0005506|GO:0016705|GO:0020037|GO:0055114"
"122","g17875",1.51697969588808,3.92488859073984,7.11699993263509,2.05560036905168e-07,2.36444486621779e-05,6.55766805490012,"g17875.t1","cb1779872216ff35d873baa16cdbd873",419,"Pfam","PF00067","Cytochrome P450",23,388,"3.1E-63",TRUE,"27-07-2020","IPR001128","Cytochrome P450","GO:0005506|GO:0016705|GO:0020037|GO:0055114"
"123","g17932",-1.99224061998994,0.897453232341449,-7.45043393394517,9.41089142358449e-08,1.26938707410637e-05,7.90167232886856,"g17932.t1",NA,NA,NA,NA,NA,NA,NA,NA,NA,NA,NA,NA,NA
"124","g18174",4.44154598830222,-4.41690037657816,8.5172988834982,8.52245276221923e-09,1.85799380045173e-06,10.0081608163313,"g18174.t1",NA,NA,NA,NA,NA,NA,NA,NA,NA,NA,NA,NA,NA
"125","g18233",5.76327475977877,-2.61263173292592,8.01933149787923,2.56604259674262e-08,4.25758695985199e-06,9.05837405059408,"g18233.t1","d83c7640236f2fced9ac4441b8a708d5",920,"Pfam","PF04937","Protein of unknown function (DUF 659)",399,515,"6.4E-8",TRUE,"27-07-2020","IPR007021","Domain of unknown function DUF659",""
"126","g18233",5.76327475977877,-2.61263173292592,8.01933149787923,2.56604259674262e-08,4.25758695985199e-06,9.05837405059408,"g18233.t1","d83c7640236f2fced9ac4441b8a708d5",920,"Pfam","PF02892","BED zinc finger",237,282,"5.3E-10",TRUE,"27-07-2020","IPR003656","Zinc finger, BED-type","GO:0003677"
"127","g18233",5.76327475977877,-2.61263173292592,8.01933149787923,2.56604259674262e-08,4.25758695985199e-06,9.05837405059408,"g18233.t1","d83c7640236f2fced9ac4441b8a708d5",920,"Pfam","PF05699","hAT family C-terminal dimerisation region",834,916,"7.5E-14",TRUE,"27-07-2020","IPR008906","HAT, C-terminal dimerisation domain","GO:0046983"
"128","g18233",5.76327475977877,-2.61263173292592,8.01933149787923,2.56604259674262e-08,4.25758695985199e-06,9.05837405059408,"g18233.t2","4b5810627f742eb0360a326c93be1e6c",148,"Pfam","PF05699","hAT family C-terminal dimerisation region",62,144,"2.7E-15",TRUE,"27-07-2020","IPR008906","HAT, C-terminal dimerisation domain","GO:0046983"
"129","g18384",-1.23657201169948,2.76606093254372,-6.78406124466473,4.54811044108773e-07,4.30669306363404e-05,5.85952197401184,"g18384.t1",NA,NA,NA,NA,NA,NA,NA,NA,NA,NA,NA,NA,NA
"130","g18403",3.29315448761761,-0.907290151927059,6.66523923576295,6.05820953836434e-07,5.40882717308538e-05,6.19097500313593,"g18403.t1",NA,NA,NA,NA,NA,NA,NA,NA,NA,NA,NA,NA,NA
"131","g18439",8.26710235774873,-1.7074944232765,17.976599775993,1.22138525271067e-15,7.63325070102412e-12,23.2818826598476,"g18439.t1","503e225ee4c9c9b765154c5e45c31007",194,"Pfam","PF18420","CSN4/RPN5/eIF3a helix turn helix domain",152,193,"4.6E-13",TRUE,"27-07-2020","IPR041406","COP9 signalosome complex subunit 4, helix turn helix domain",""
"132","g18439",8.26710235774873,-1.7074944232765,17.976599775993,1.22138525271067e-15,7.63325070102412e-12,23.2818826598476,"g18439.t1","503e225ee4c9c9b765154c5e45c31007",194,"Pfam","PF01399","PCI domain",53,148,"4.0E-15",TRUE,"27-07-2020","IPR000717","Proteasome component (PCI) domain",""
"133","g18503",-1.27429133953879,3.93003342959052,-7.92388643992555,3.18164354972536e-08,5.05530804354244e-06,8.12693287571866,"g18503.t1","702a218a819212a2aaadd1a97ecf7691",522,"Pfam","PF00201","UDP-glucoronosyl and UDP-glucosyl transferase",33,511,"4.1E-73",TRUE,"27-07-2020","IPR002213","UDP-glucuronosyl/UDP-glucosyltransferase","GO:0016758"
"134","g18503",-1.27429133953879,3.93003342959052,-7.92388643992555,3.18164354972536e-08,5.05530804354244e-06,8.12693287571866,"g18503.t1","702a218a819212a2aaadd1a97ecf7691",522,"SignalP_EUK","SignalP-noTM","",1,21,"-",TRUE,"27-07-2020","","",""
"135","g18507",2.96424282372357,-0.423935641207916,6.80996892468911,4.27346741781367e-07,4.17035871170155e-05,6.45481125470052,"g18507.t1","c3eac7e945328debdb931d272e045f7e",237,"SignalP_EUK","SignalP-noTM","",1,25,"-",TRUE,"27-07-2020","","",""
"136","g18507",2.96424282372357,-0.423935641207916,6.80996892468911,4.27346741781367e-07,4.17035871170155e-05,6.45481125470052,"g18507.t1","c3eac7e945328debdb931d272e045f7e",237,"Pfam","PF00194","Eukaryotic-type carbonic anhydrase",55,170,"1.3E-13",TRUE,"27-07-2020","IPR001148","Alpha carbonic anhydrase domain",""
"137","g18587",3.16416199536608,-4.1905898192569,7.97562023947038,2.83118117388434e-08,4.57601860596185e-06,8.84371232064365,"g18587.t1",NA,NA,NA,NA,NA,NA,NA,NA,NA,NA,NA,NA,NA
"138","g18588",4.50252176661338,-2.65353997623433,7.77734995950212,4.43660436591153e-08,6.70821735939316e-06,8.57384807418756,"g18588.t1",NA,NA,NA,NA,NA,NA,NA,NA,NA,NA,NA,NA,NA
"139","g18640",-3.62059753383261,-0.440473539664121,-8.63669276790353,6.5753279916374e-09,1.50342468920987e-06,10.5618791912396,"g18640.t1","9664dfaf0805dce16c9bd0ecd4c26ce6",83,"Pfam","PF00012","Hsp70 protein",5,59,"6.9E-6",TRUE,"27-07-2020","IPR013126","Heat shock protein 70 family",""
"140","g19261",5.09013707337875,-2.19973946680655,10.0021825738189,3.8636035047826e-10,1.47834085941161e-07,13.1340483515119,"g19261.t1","a1b4dbd91698a40d33aaa10ce80a254c",692,"Pfam","PF09820","Predicted AAA-ATPase",2,219,"1.6E-16",TRUE,"27-07-2020","IPR018631","AAA-ATPase-like domain",""
"141","g19500",0.871950476412074,5.8514682255451,6.98828342344242,2.78976532897623e-07,3.02342833254192e-05,5.83752785999957,"g19500.t1","e56c66a0fee2841c4a6d57d09fc76c75",791,"SignalP_EUK","SignalP-noTM","",1,24,"-",TRUE,"27-07-2020","","",""
"142","g19500",0.871950476412074,5.8514682255451,6.98828342344242,2.78976532897623e-07,3.02342833254192e-05,5.83752785999957,"g19500.t1","e56c66a0fee2841c4a6d57d09fc76c75",791,"Pfam","PF00629","MAM domain, meprin/A5/mu",247,410,"6.6E-35",TRUE,"27-07-2020","IPR000998","MAM domain","GO:0016020"
"143","g19500",0.871950476412074,5.8514682255451,6.98828342344242,2.78976532897623e-07,3.02342833254192e-05,5.83752785999957,"g19500.t1","e56c66a0fee2841c4a6d57d09fc76c75",791,"Pfam","PF00629","MAM domain, meprin/A5/mu",423,603,"1.3E-21",TRUE,"27-07-2020","IPR000998","MAM domain","GO:0016020"
"144","g19500",0.871950476412074,5.8514682255451,6.98828342344242,2.78976532897623e-07,3.02342833254192e-05,5.83752785999957,"g19500.t1","e56c66a0fee2841c4a6d57d09fc76c75",791,"Pfam","PF00629","MAM domain, meprin/A5/mu",55,240,"1.6E-14",TRUE,"27-07-2020","IPR000998","MAM domain","GO:0016020"
"145","g19500",0.871950476412074,5.8514682255451,6.98828342344242,2.78976532897623e-07,3.02342833254192e-05,5.83752785999957,"g19500.t1","e56c66a0fee2841c4a6d57d09fc76c75",791,"Pfam","PF00629","MAM domain, meprin/A5/mu",616,777,"1.2E-19",TRUE,"27-07-2020","IPR000998","MAM domain","GO:0016020"
"146","g19511",-2.9898380629373,1.77114976171144,-7.77223668556258,4.48860809888711e-08,6.73255305968276e-06,8.12158515923537,"g19511.t1","3b3165050c8af0a26c4c85fb9cf72a72",777,"Pfam","PF00135","Carboxylesterase family",3,155,"2.5E-46",TRUE,"27-07-2020","IPR002018","Carboxylesterase, type B",""
"147","g19511",-2.9898380629373,1.77114976171144,-7.77223668556258,4.48860809888711e-08,6.73255305968276e-06,8.12158515923537,"g19511.t1","3b3165050c8af0a26c4c85fb9cf72a72",777,"Pfam","PF00135","Carboxylesterase family",388,431,"6.1E-10",TRUE,"27-07-2020","IPR002018","Carboxylesterase, type B",""
"148","g19511",-2.9898380629373,1.77114976171144,-7.77223668556258,4.48860809888711e-08,6.73255305968276e-06,8.12158515923537,"g19511.t1","3b3165050c8af0a26c4c85fb9cf72a72",777,"Pfam","PF00135","Carboxylesterase family",433,742,"6.3E-36",TRUE,"27-07-2020","IPR002018","Carboxylesterase, type B",""
"149","g19539",-0.998783735672918,3.31637891999647,-9.5506053001812,9.60638937282442e-10,3.10534817846698e-07,12.1603376195564,"g19539.t1","57311facfc4df4d72b39424a75464627",172,"Pfam","PF08617","Kinase binding protein CGI-121",17,170,"2.7E-28",TRUE,"27-07-2020","IPR013926","CGI121/TPRKB",""
"150","g19647",-1.30350843143954,3.1572788327627,-6.99660884270468,2.73502886095014e-07,2.98134047174152e-05,6.55985784595803,"g19647.t1","70247c1c6c6aad6527811218e342be16",397,"Pfam","PF00651","BTB/POZ domain",226,330,"3.9E-28",TRUE,"27-07-2020","IPR000210","BTB/POZ domain","GO:0005515"
"151","g19924",-1.47453969101159,2.24105553367143,-10.2822317285477,2.22441129912826e-10,9.92987796365614e-08,13.8395043721065,"g19924.t1",NA,NA,NA,NA,NA,NA,NA,NA,NA,NA,NA,NA,NA
"152","g19936",1.13208028242389,6.74240192145771,12.2467669032523,5.98055150305789e-12,5.09678909685601e-09,16.7600328595179,"g19936.t1","9320289b1eda18afdd2c03e606febd47",754,"Pfam","PF09820","Predicted AAA-ATPase",159,468,"1.4E-31",TRUE,"27-07-2020","IPR018631","AAA-ATPase-like domain",""
"153","g19940",2.11087321301498,3.20978158819909,14.743577475915,1.06493826300986e-13,1.99665274931719e-10,21.4171828975554,"g19940.t1","fad0aae0974199b4bb8226dcb6fac945",309,"Pfam","PF13873","Myb/SANT-like DNA-binding domain",10,82,"1.4E-12",TRUE,"27-07-2020","IPR028002","Myb/SANT-like DNA-binding domain",""
"154","g19954",1.03797560024441,7.7869481780302,12.888629290974,2.00769606447546e-12,2.35264334455315e-09,17.8321655631284,"g19954.t1","a00cb3d3a4c662fc677e8553f31dfd91",844,"Pfam","PF17855","MCM AAA-lid domain",565,649,"4.3E-21",TRUE,"27-07-2020","IPR041562","MCM, AAA-lid domain",""
"155","g19954",1.03797560024441,7.7869481780302,12.888629290974,2.00769606447546e-12,2.35264334455315e-09,17.8321655631284,"g19954.t1","a00cb3d3a4c662fc677e8553f31dfd91",844,"Pfam","PF17207","MCM OB domain",112,241,"1.8E-31",TRUE,"27-07-2020","IPR033762","MCM OB domain",""
"156","g19954",1.03797560024441,7.7869481780302,12.888629290974,2.00769606447546e-12,2.35264334455315e-09,17.8321655631284,"g19954.t1","a00cb3d3a4c662fc677e8553f31dfd91",844,"Pfam","PF00493","MCM P-loop domain",280,502,"2.0E-82",TRUE,"27-07-2020","IPR001208","MCM domain","GO:0003677|GO:0005524|GO:0006270"
"157","g19954",1.03797560024441,7.7869481780302,12.888629290974,2.00769606447546e-12,2.35264334455315e-09,17.8321655631284,"g19954.t1","a00cb3d3a4c662fc677e8553f31dfd91",844,"Pfam","PF14551","MCM N-terminal domain",15,101,"7.9E-6",TRUE,"27-07-2020","IPR027925","MCM N-terminal domain",""
"158","g2001",6.90492470561991,-2.72651794701905,7.12663098376294,2.00933032236425e-07,2.32548976629674e-05,7.21131336562787,"g2001.t1","c25588d93b5334de6eb57ee8e9771dcf",290,"Pfam","PF07690","Major Facilitator Superfamily",3,219,"8.3E-9",TRUE,"27-07-2020","IPR011701","Major facilitator superfamily","GO:0016021|GO:0055085"
"159","g20011",4.22067106777585,-3.41094975879408,7.49083798449279,8.56917063236468e-08,1.1813483837221e-05,7.91538107422382,"g20011.t1",NA,NA,NA,NA,NA,NA,NA,NA,NA,NA,NA,NA,NA
"160","g20018",4.9718451645115,4.0163499984528,12.2960776451207,5.49136761577514e-12,4.90274530610324e-09,17.5102239316117,"g20018.t1","b0fee60d4a8e97894bbb43c7adb13406",216,"Pfam","PF00118","TCP-1/cpn60 chaperonin family",5,200,"1.3E-55",TRUE,"27-07-2020","IPR002423","Chaperonin Cpn60/TCP-1 family","GO:0005524"
"161","g20034",-1.29175370917814,2.3949246984574,-7.14406718431055,1.92825344907142e-07,2.25955149479e-05,6.8561591607937,"g20034.t1","4f4a17a01e240f13dd67be901f8f30cc",265,"Pfam","PF00226","DnaJ domain",203,263,"5.6E-12",TRUE,"27-07-2020","IPR001623","DnaJ domain",""
"162","g20034",-1.29175370917814,2.3949246984574,-7.14406718431055,1.92825344907142e-07,2.25955149479e-05,6.8561591607937,"g20034.t1","4f4a17a01e240f13dd67be901f8f30cc",265,"Pfam","PF00012","Hsp70 protein",4,171,"1.4E-68",TRUE,"27-07-2020","IPR013126","Heat shock protein 70 family",""
"163","g20048",9.41478953854731,-0.808916693247435,8.21460314620868,1.65897732113379e-08,3.11041657939375e-06,9.53804879017186,"g20048.t1","5322af4ba724b8f95144f926171e4777",881,"Pfam","PF16187","Middle or third domain of peptidase_M16",481,690,"4.5E-51",TRUE,"27-07-2020","IPR032632","Peptidase M16, middle/third domain",""
"164","g20048",9.41478953854731,-0.808916693247435,8.21460314620868,1.65897732113379e-08,3.11041657939375e-06,9.53804879017186,"g20048.t1","5322af4ba724b8f95144f926171e4777",881,"Pfam","PF00675","Insulinase (Peptidase family M16)",97,224,"2.2E-33",TRUE,"27-07-2020","IPR011765","Peptidase M16, N-terminal",""
"165","g20048",9.41478953854731,-0.808916693247435,8.21460314620868,1.65897732113379e-08,3.11041657939375e-06,9.53804879017186,"g20048.t2","c1a953a35a4c9349d6680e848d993e2a",897,"Pfam","PF05193","Peptidase M16 inactive domain",273,451,"3.7E-16",TRUE,"27-07-2020","IPR007863","Peptidase M16, C-terminal",""
"166","g20048",9.41478953854731,-0.808916693247435,8.21460314620868,1.65897732113379e-08,3.11041657939375e-06,9.53804879017186,"g20048.t2","c1a953a35a4c9349d6680e848d993e2a",897,"Pfam","PF16187","Middle or third domain of peptidase_M16",497,706,"4.7E-51",TRUE,"27-07-2020","IPR032632","Peptidase M16, middle/third domain",""
"167","g20048",9.41478953854731,-0.808916693247435,8.21460314620868,1.65897732113379e-08,3.11041657939375e-06,9.53804879017186,"g20048.t2","c1a953a35a4c9349d6680e848d993e2a",897,"Pfam","PF00675","Insulinase (Peptidase family M16)",113,240,"2.3E-33",TRUE,"27-07-2020","IPR011765","Peptidase M16, N-terminal",""
"168","g20048",9.41478953854731,-0.808916693247435,8.21460314620868,1.65897732113379e-08,3.11041657939375e-06,9.53804879017186,"g20048.t1","5322af4ba724b8f95144f926171e4777",881,"Pfam","PF05193","Peptidase M16 inactive domain",257,435,"3.6E-16",TRUE,"27-07-2020","IPR007863","Peptidase M16, C-terminal",""
"169","g20049",9.30233359092322,-0.817865743315289,8.09560345055625,2.16278824276517e-08,3.75464044107446e-06,9.29161407581907,"g20049.t1",NA,NA,NA,NA,NA,NA,NA,NA,NA,NA,NA,NA,NA
"170","g20062",1.72074739203928,5.00060539429408,8.02286615561756,2.54574846113682e-08,4.25758695985199e-06,8.31523639210605,"g20062.t1","7cf38f5304010ad93720ca85a097445d",450,"SignalP_EUK","SignalP-noTM","",1,16,"-",TRUE,"27-07-2020","","",""
"171","g20062",1.72074739203928,5.00060539429408,8.02286615561756,2.54574846113682e-08,4.25758695985199e-06,8.31523639210605,"g20062.t1","7cf38f5304010ad93720ca85a097445d",450,"Pfam","PF00151","Lipase",48,297,"1.9E-56",TRUE,"27-07-2020","IPR013818","Lipase/vitellogenin",""
"172","g20085",6.9389276621674,-2.49687636895536,9.95055278808211,4.28209803171999e-10,1.57421678424938e-07,12.7916360127641,"g20085.t1",NA,NA,NA,NA,NA,NA,NA,NA,NA,NA,NA,NA,NA
"173","g20277",7.11416145456704,-2.54648119205931,12.7262730803253,2.6358166293185e-12,2.90699564606427e-09,17.6847574225517,"g20277.t1","03a902467f04c89b81c1254113878a9a",475,"Pfam","PF00083","Sugar (and other) transporter",44,449,"2.8E-45",TRUE,"27-07-2020","IPR005828","Major facilitator,  sugar transporter-like","GO:0016021|GO:0022857|GO:0055085"
"174","g20279",8.90546604724907,-1.82221854770273,12.5372424608836,3.63064729709195e-12,3.78172256517649e-09,17.0194414527663,"g20279.t2","08f8412d4c0a351f5b60b9086926e288",472,"Pfam","PF00083","Sugar (and other) transporter",47,455,"1.2E-47",TRUE,"27-07-2020","IPR005828","Major facilitator,  sugar transporter-like","GO:0016021|GO:0022857|GO:0055085"
"175","g20279",8.90546604724907,-1.82221854770273,12.5372424608836,3.63064729709195e-12,3.78172256517649e-09,17.0194414527663,"g20279.t1","08f8412d4c0a351f5b60b9086926e288",472,"Pfam","PF00083","Sugar (and other) transporter",47,455,"1.2E-47",TRUE,"27-07-2020","IPR005828","Major facilitator,  sugar transporter-like","GO:0016021|GO:0022857|GO:0055085"
"176","g20623",10.5354496800103,0.0109717965714042,6.57031397026846,7.62673867893577e-07,6.46558251050513e-05,5.9639424024413,"g20623.t1","b2fc4762819793453ed6a0bb06670728",383,"Pfam","PF00160","Cyclophilin type peptidyl-prolyl cis-trans isomerase/CLD",232,381,"5.4E-29",TRUE,"27-07-2020","IPR002130","Cyclophilin-type peptidyl-prolyl cis-trans isomerase domain","GO:0000413|GO:0003755"
"177","g20686",7.30429512231504,-1.53919477487437,8.88185529219186,3.88306786530179e-09,9.97310128856756e-07,10.903313986879,"g20686.t1","ac39ec32b099a691a6272f682f77c117",691,"Pfam","PF00089","Trypsin",485,636,"8.7E-9",TRUE,"27-07-2020","IPR001254","Serine proteases, trypsin domain","GO:0004252|GO:0006508"
"178","g20686",7.30429512231504,-1.53919477487437,8.88185529219186,3.88306786530179e-09,9.97310128856756e-07,10.903313986879,"g20686.t1","ac39ec32b099a691a6272f682f77c117",691,"Pfam","PF00057","Low-density lipoprotein receptor domain class A",66,103,"1.9E-9",TRUE,"27-07-2020","IPR002172","Low-density lipoprotein (LDL) receptor class A repeat","GO:0005515"
"179","g20686",7.30429512231504,-1.53919477487437,8.88185529219186,3.88306786530179e-09,9.97310128856756e-07,10.903313986879,"g20686.t1","ac39ec32b099a691a6272f682f77c117",691,"Pfam","PF00089","Trypsin",204,318,"1.4E-10",TRUE,"27-07-2020","IPR001254","Serine proteases, trypsin domain","GO:0004252|GO:0006508"
"180","g20686",7.30429512231504,-1.53919477487437,8.88185529219186,3.88306786530179e-09,9.97310128856756e-07,10.903313986879,"g20686.t1","ac39ec32b099a691a6272f682f77c117",691,"Pfam","PF00057","Low-density lipoprotein receptor domain class A",26,60,"7.0E-12",TRUE,"27-07-2020","IPR002172","Low-density lipoprotein (LDL) receptor class A repeat","GO:0005515"
"181","g21179",8.58789037374784,-1.29249513136803,8.22937336799536,1.60547010482866e-08,3.06753572836126e-06,9.55825615292781,"g21179.t1","b713ae75aa0f7316ae23c8abf2f258a6",725,"Pfam","PF13842","DDE_Tnp_1-like zinc-ribbon",690,719,"0.0011",TRUE,"27-07-2020","IPR032718","PiggyBac transposable element-derived protein 4, C-terminal zinc-ribbon",""
"182","g21179",8.58789037374784,-1.29249513136803,8.22937336799536,1.60547010482866e-08,3.06753572836126e-06,9.55825615292781,"g21179.t1","b713ae75aa0f7316ae23c8abf2f258a6",725,"Pfam","PF13843","Transposase IS4",243,623,"2.4E-64",TRUE,"27-07-2020","IPR029526","PiggyBac transposable element-derived protein",""
"183","g21216",-1.82022312109039,3.48476449731068,-8.01497744795667,2.59126968336447e-08,4.26172941170179e-06,9.04742239581291,"g21216.t1",NA,NA,NA,NA,NA,NA,NA,NA,NA,NA,NA,NA,NA
"184","g21295",7.95253285486872,-2.73180665248218,14.6266080797985,1.27025791200947e-13,2.16509687202414e-10,19.7202150052738,"g21295.t1",NA,NA,NA,NA,NA,NA,NA,NA,NA,NA,NA,NA,NA
"185","g21355",-1.8241379427313,3.61865938377938,-9.89312666423488,4.80290729443516e-10,1.73172517044932e-07,12.8577274146881,"g21355.t1",NA,NA,NA,NA,NA,NA,NA,NA,NA,NA,NA,NA,NA
"186","g21362",-0.44939030180364,4.14025004067756,-6.81596057731782,4.21239858378452e-07,4.15675058144084e-05,5.65754128139154,"g21362.t1","3216164b9d0610ba91bebc8640a53a7b",209,"Pfam","PF00043","Glutathione S-transferase, C-terminal domain",130,188,"2.0E-5",TRUE,"27-07-2020","IPR004046","Glutathione S-transferase, C-terminal",""
"187","g21393",4.1158606292199,-2.92004554681913,6.58357703220879,7.38482106129405e-07,6.31119885270478e-05,5.98332235501722,"g21393.t1",NA,NA,NA,NA,NA,NA,NA,NA,NA,NA,NA,NA,NA
"188","g21420",1.54223441091999,3.9383787218543,8.23514707568268,1.58503881309075e-08,3.06370027903489e-06,8.94624252034155,"g21420.t1","1b3323641d32b9702437490e6e5c07fe",527,"Pfam","PF06628","Catalase-related immune-responsive",463,524,"2.4E-17",TRUE,"27-07-2020","IPR010582","Catalase immune-responsive domain",""
"189","g21420",1.54223441091999,3.9383787218543,8.23514707568268,1.58503881309075e-08,3.06370027903489e-06,8.94624252034155,"g21420.t1","1b3323641d32b9702437490e6e5c07fe",527,"Pfam","PF00199","Catalase",58,437,"4.0E-166",TRUE,"27-07-2020","IPR011614","Catalase core domain","GO:0004096|GO:0020037|GO:0055114"
"190","g21420",1.54223441091999,3.9383787218543,8.23514707568268,1.58503881309075e-08,3.06370027903489e-06,8.94624252034155,"g21420.t1","1b3323641d32b9702437490e6e5c07fe",527,"SignalP_EUK","SignalP-noTM","",1,23,"-",TRUE,"27-07-2020","","",""
"191","g2159",-6.09604446645942,-2.21271027732664,-7.02398400785627,2.56266272027336e-07,2.82631549072972e-05,7.02006986720499,"g2159.t1",NA,NA,NA,NA,NA,NA,NA,NA,NA,NA,NA,NA,NA
"192","g22042",1.14188639175856,3.19631953060445,7.33516381745386,1.23091665793002e-07,1.54888969258591e-05,7.00128678566231,"g22042.t1","4a5377d90f87b273d2bdbb22968c0e4a",762,"Pfam","PF15299","Amyotrophic lateral sclerosis 2 chromosomal region candidate gene 8",60,259,"1.4E-27",TRUE,"27-07-2020","IPR029309","Calcium-responsive transcription factor",""
"193","g22042",1.14188639175856,3.19631953060445,7.33516381745386,1.23091665793002e-07,1.54888969258591e-05,7.00128678566231,"g22042.t1","4a5377d90f87b273d2bdbb22968c0e4a",762,"Pfam","PF00012","Hsp70 protein",508,698,"2.0E-83",TRUE,"27-07-2020","IPR013126","Heat shock protein 70 family",""
"194","g22042",1.14188639175856,3.19631953060445,7.33516381745386,1.23091665793002e-07,1.54888969258591e-05,7.00128678566231,"g22042.t1","4a5377d90f87b273d2bdbb22968c0e4a",762,"Pfam","PF10551","MULE transposase domain",327,421,"1.7E-14",TRUE,"27-07-2020","IPR018289","MULE transposase domain",""
"195","g22202",-3.3800696106257,1.77054793153249,-9.69217262821651,7.20030172652712e-10,2.41068673340459e-07,12.6057110575616,"g22202.t1","8bdf70fc0648a50da75211b0e6c35a4c",296,"SignalP_EUK","SignalP-noTM","",1,16,"-",TRUE,"27-07-2020","","",""
"196","g22202",-3.3800696106257,1.77054793153249,-9.69217262821651,7.20030172652712e-10,2.41068673340459e-07,12.6057110575616,"g22202.t1","8bdf70fc0648a50da75211b0e6c35a4c",296,"Pfam","PF02452","PemK-like, MazF-like toxin of type II toxin-antitoxin system",179,275,"8.7E-7",TRUE,"27-07-2020","IPR003477","mRNA interferase PemK-like","GO:0003677"
"197","g22203",-0.805433472930299,6.11400424059953,-10.2233433406409,2.49625226300352e-10,1.04004963731229e-07,12.9522366855893,"g22203.t1","4e84c8f53cc1ec414ddf8d4a86744677",992,"Pfam","PF16746","BAR domain of APPL family",33,269,"1.1E-29",TRUE,"27-07-2020","","",""
"198","g22203",-0.805433472930299,6.11400424059953,-10.2233433406409,2.49625226300352e-10,1.04004963731229e-07,12.9522366855893,"g22203.t1","4e84c8f53cc1ec414ddf8d4a86744677",992,"Pfam","PF01412","Putative GTPase activating protein for Arf",427,540,"1.2E-33",TRUE,"27-07-2020","IPR001164","Arf GTPase activating protein","GO:0005096"
"199","g22203",-0.805433472930299,6.11400424059953,-10.2233433406409,2.49625226300352e-10,1.04004963731229e-07,12.9522366855893,"g22203.t1","4e84c8f53cc1ec414ddf8d4a86744677",992,"Pfam","PF00169","PH domain",308,398,"2.2E-10",TRUE,"27-07-2020","IPR001849","Pleckstrin homology domain",""
"200","g22203",-0.805433472930299,6.11400424059953,-10.2233433406409,2.49625226300352e-10,1.04004963731229e-07,12.9522366855893,"g22203.t1","4e84c8f53cc1ec414ddf8d4a86744677",992,"Pfam","PF12796","Ankyrin repeats (3 copies)",553,658,"7.4E-11",TRUE,"27-07-2020","IPR020683","Ankyrin repeat-containing domain",""
"201","g22203",-0.805433472930299,6.11400424059953,-10.2233433406409,2.49625226300352e-10,1.04004963731229e-07,12.9522366855893,"g22203.t1","4e84c8f53cc1ec414ddf8d4a86744677",992,"Pfam","PF00018","SH3 domain",933,982,"2.7E-9",TRUE,"27-07-2020","IPR001452","SH3 domain","GO:0005515"
"202","g22271",5.53003645530894,-3.20013134561818,9.32129335535514,1.54075543270715e-09,4.44424978581945e-07,11.5749936342552,"g22271.t1","0479ab465c23fee89908fa893eb0f8a4",142,"SignalP_EUK","SignalP-noTM","",1,26,"-",TRUE,"27-07-2020","","",""
"203","g22782",-4.92611708945392,-3.68578332480764,-11.3882714773984,2.75353992081035e-11,1.66535870887978e-08,14.9573596850096,"g22782.t1",NA,NA,NA,NA,NA,NA,NA,NA,NA,NA,NA,NA,NA
"204","g22858",-2.17744196254884,2.78776498033891,-8.38127535937266,1.1478971785963e-08,2.36504661554967e-06,9.77948114955582,"g22858.t1",NA,NA,NA,NA,NA,NA,NA,NA,NA,NA,NA,NA,NA
"205","g22901",-3.29586399307223,-0.793755469422777,-7.7105306930035,5.16779123615247e-08,7.62920613280494e-06,8.547974603753,"g22901.t1",NA,NA,NA,NA,NA,NA,NA,NA,NA,NA,NA,NA,NA
"206","g22922",-2.36177798305801,-0.784971957991513,-7.66545594404476,5.72984746014319e-08,8.26376231001728e-06,8.44909793741296,"g22922.t1",NA,NA,NA,NA,NA,NA,NA,NA,NA,NA,NA,NA,NA
"207","g23054",4.17775550664475,-4.28893568860185,6.84213820025319,3.95586325667479e-07,4.00910703780517e-05,6.50599171082414,"g23054.t1",NA,NA,NA,NA,NA,NA,NA,NA,NA,NA,NA,NA,NA
"208","g23055",3.68306122116735,-4.52751188688168,6.8613370700016,3.77790468210088e-07,3.87059753468358e-05,6.5337304288139,"g23055.t1",NA,NA,NA,NA,NA,NA,NA,NA,NA,NA,NA,NA,NA
"209","g23062",-1.7347864298981,-0.362380463406046,-6.88558915351657,3.56473489706703e-07,3.71306747695055e-05,6.47154448333424,"g23062.t1","67f85104a3ed2157eed53c968d917576",1456,"SignalP_EUK","SignalP-noTM","",1,25,"-",TRUE,"27-07-2020","","",""
"210","g23062",-1.7347864298981,-0.362380463406046,-6.88558915351657,3.56473489706703e-07,3.71306747695055e-05,6.47154448333424,"g23062.t1","67f85104a3ed2157eed53c968d917576",1456,"Pfam","PF07714","Protein tyrosine kinase",1151,1419,"5.9E-98",TRUE,"27-07-2020","IPR001245","Serine-threonine/tyrosine-protein kinase, catalytic domain","GO:0004672|GO:0006468"
"211","g23062",-1.7347864298981,-0.362380463406046,-6.88558915351657,3.56473489706703e-07,3.71306747695055e-05,6.47154448333424,"g23062.t1","67f85104a3ed2157eed53c968d917576",1456,"Pfam","PF01833","IPT/TIG domain",773,815,"1.9E-4",TRUE,"27-07-2020","IPR002909","IPT domain",""
"212","g23062",-1.7347864298981,-0.362380463406046,-6.88558915351657,3.56473489706703e-07,3.71306747695055e-05,6.47154448333424,"g23062.t1","67f85104a3ed2157eed53c968d917576",1456,"Pfam","PF17960","TIG domain",543,626,"4.5E-6",TRUE,"27-07-2020","IPR041019","Plexin, TIG domain 1",""
"213","g23062",-1.7347864298981,-0.362380463406046,-6.88558915351657,3.56473489706703e-07,3.71306747695055e-05,6.47154448333424,"g23062.t1","67f85104a3ed2157eed53c968d917576",1456,"Pfam","PF01403","Sema domain",46,453,"1.1E-38",TRUE,"27-07-2020","IPR001627","Sema domain","GO:0005515"
"214","g23062",-1.7347864298981,-0.362380463406046,-6.88558915351657,3.56473489706703e-07,3.71306747695055e-05,6.47154448333424,"g23062.t1","67f85104a3ed2157eed53c968d917576",1456,"Pfam","PF01833","IPT/TIG domain",680,759,"2.3E-8",TRUE,"27-07-2020","IPR002909","IPT domain",""
"215","g23072",7.43506710109103,-2.37825652710286,8.17860114395202,1.79720885890131e-08,3.33622464312283e-06,9.49556085639321,"g23072.t1","9fc4095454a197251f08968d950fcc5a",237,"Pfam","PF01833","IPT/TIG domain",27,110,"4.3E-7",TRUE,"27-07-2020","IPR002909","IPT domain",""
"216","g23072",7.43506710109103,-2.37825652710286,8.17860114395202,1.79720885890131e-08,3.33622464312283e-06,9.49556085639321,"g23072.t1","9fc4095454a197251f08968d950fcc5a",237,"SignalP_EUK","SignalP-noTM","",1,23,"-",TRUE,"27-07-2020","","",""
"217","g23072",7.43506710109103,-2.37825652710286,8.17860114395202,1.79720885890131e-08,3.33622464312283e-06,9.49556085639321,"g23072.t1","9fc4095454a197251f08968d950fcc5a",237,"Pfam","PF01833","IPT/TIG domain",122,205,"4.8E-10",TRUE,"27-07-2020","IPR002909","IPT domain",""
"218","g23106",-2.19984416022317,1.94982262766296,-10.3631937355743,1.89963949201729e-10,8.68691239898346e-08,13.9436551705895,"g23106.t1",NA,NA,NA,NA,NA,NA,NA,NA,NA,NA,NA,NA,NA
"219","g23117",1.36753818077488,5.11602712008256,7.02733458929998,2.54234266570967e-07,2.82049601416512e-05,5.89503579039656,"g23117.t1","44e7cc63c30590742f88f9bd0003cf2a",366,"Pfam","PF00891","O-methyltransferase domain",140,347,"4.7E-55",TRUE,"27-07-2020","IPR001077","O-methyltransferase domain","GO:0008171"
"220","g23117",1.36753818077488,5.11602712008256,7.02733458929998,2.54234266570967e-07,2.82049601416512e-05,5.89503579039656,"g23117.t1","44e7cc63c30590742f88f9bd0003cf2a",366,"Pfam","PF16864","Dimerisation domain",39,114,"1.9E-7",TRUE,"27-07-2020","IPR031725","Acetylserotonin O-methyltransferase, dimerisation domain",""
"221","g23134",1.41917820016972,4.79463565625581,7.3972892584433,1.0648651981876e-07,1.39616486719016e-05,6.90658290714303,"g23134.t1","c772121e5d04f729223ebc1464fb0fe0",303,"SignalP_EUK","SignalP-noTM","",1,18,"-",TRUE,"27-07-2020","","",""
"222","g23185",-2.07976407071419,5.64375944293871,-10.2252204385139,2.48707866740688e-10,1.04004963731229e-07,13.0928214654636,"g23185.t1","c3b0cfa34c730aa5cc3e052da2a600e2",478,"SignalP_EUK","SignalP-noTM","",1,27,"-",TRUE,"27-07-2020","","",""
"223","g23185",-2.07976407071419,5.64375944293871,-10.2252204385139,2.48707866740688e-10,1.04004963731229e-07,13.0928214654636,"g23185.t1","c3b0cfa34c730aa5cc3e052da2a600e2",478,"Pfam","PF03022","Major royal jelly protein",133,425,"3.6E-67",TRUE,"27-07-2020","IPR017996","Major royal jelly protein/protein yellow",""
"224","g23189",2.38319840318126,2.5436336518177,7.89321472548577,3.41015094004697e-08,5.2840429731356e-06,8.59571927931584,"g23189.t1",NA,NA,NA,NA,NA,NA,NA,NA,NA,NA,NA,NA,NA
"225","g23348",-1.30029423522449,1.42187135954865,-8.29176830803912,1.39827877522841e-08,2.74153236237857e-06,9.7109021350177,"g23348.t1",NA,NA,NA,NA,NA,NA,NA,NA,NA,NA,NA,NA,NA
"226","g23414",6.37825959160211,-2.75937452441249,7.17078990745667,1.81043395371043e-07,2.14834343026056e-05,7.28166102958047,"g23414.t1","0cd4d3d9fd20b29d258b23afbdc9b204",2006,"Pfam","PF05970","PIF1-like helicase",1796,2000,"1.1E-27",TRUE,"27-07-2020","IPR010285","DNA helicase Pif1-like","GO:0000723|GO:0003678|GO:0006281"
"227","g23414",6.37825959160211,-2.75937452441249,7.17078990745667,1.81043395371043e-07,2.14834343026056e-05,7.28166102958047,"g23414.t1","0cd4d3d9fd20b29d258b23afbdc9b204",2006,"Pfam","PF14214","Helitron helicase-like domain at N-terminus",716,849,"8.7E-25",TRUE,"27-07-2020","IPR025476","Helitron helicase-like domain",""
"228","g23414",6.37825959160211,-2.75937452441249,7.17078990745667,1.81043395371043e-07,2.14834343026056e-05,7.28166102958047,"g23414.t1","0cd4d3d9fd20b29d258b23afbdc9b204",2006,"Pfam","PF05970","PIF1-like helicase",1321,1583,"3.9E-30",TRUE,"27-07-2020","IPR010285","DNA helicase Pif1-like","GO:0000723|GO:0003678|GO:0006281"
"229","g23415",6.31754698737854,-2.85090089654184,8.52725626182096,8.33947127745681e-09,1.83949114095338e-06,10.103739545788,"g23415.t1","6f54ae5dfe26d002c060a1516879147c",854,"Pfam","PF00443","Ubiquitin carboxyl-terminal hydrolase",581,851,"9.7E-10",TRUE,"27-07-2020","IPR001394","Peptidase C19, ubiquitin carboxyl-terminal hydrolase","GO:0016579|GO:0036459"
"230","g23417",7.0194801074689,-2.34025751359881,7.37377999963211,1.1248234301178e-07,1.44447359529306e-05,7.73449671862685,"g23417.t1","16fecdfd58c151093d0e909bbbb74629",281,"Pfam","PF01336","OB-fold nucleic acid binding domain",124,203,"1.2E-7",TRUE,"27-07-2020","IPR004365","OB-fold nucleic acid binding domain, AA-tRNA synthetase-type","GO:0003676"
"231","g23495",-2.92984394704878,-1.11972518510534,-6.59872861361366,7.11801157938395e-07,6.20723716752882e-05,6.0091204127477,"g23495.t1",NA,NA,NA,NA,NA,NA,NA,NA,NA,NA,NA,NA,NA
"232","g235",0.693871193589215,6.68121450412653,10.7278432517262,9.42300286038536e-11,4.64926001656224e-08,13.908560691579,"g235.t1","78060ba2dba985cae68fcd1229bf7884",651,"Pfam","PF06419","Conserved oligomeric complex COG6",53,642,"1.5E-136",TRUE,"27-07-2020","IPR010490","Conserved oligomeric Golgi complex subunit 6","GO:0006891|GO:0017119"
"233","g23544",-1.14539886141127,3.44236175577044,-7.16135532433232,1.85116584104159e-07,2.18286216060935e-05,6.42093056539003,"g23544.t1","b47e7321d70b5d6ff0ffd8bd32ae3a15",1477,"Pfam","PF00975","Thioesterase domain",1227,1325,"2.6E-8",TRUE,"27-07-2020","IPR001031","Thioesterase","GO:0009058|GO:0016788"
"234","g23544",-1.14539886141127,3.44236175577044,-7.16135532433232,1.85116584104159e-07,2.18286216060935e-05,6.42093056539003,"g23544.t1","b47e7321d70b5d6ff0ffd8bd32ae3a15",1477,"Pfam","PF13602","Zinc-binding dehydrogenase",738,875,"3.4E-16",TRUE,"27-07-2020","","",""
"235","g23544",-1.14539886141127,3.44236175577044,-7.16135532433232,1.85116584104159e-07,2.18286216060935e-05,6.42093056539003,"g23544.t1","b47e7321d70b5d6ff0ffd8bd32ae3a15",1477,"Pfam","PF08659","KR domain",919,1054,"2.9E-29",TRUE,"27-07-2020","IPR013968","Polyketide synthase, ketoreductase domain",""
"236","g23544",-1.14539886141127,3.44236175577044,-7.16135532433232,1.85116584104159e-07,2.18286216060935e-05,6.42093056539003,"g23544.t1","b47e7321d70b5d6ff0ffd8bd32ae3a15",1477,"Pfam","PF14765","Polyketide synthase dehydratase",17,209,"8.6E-13",TRUE,"27-07-2020","IPR020807","Polyketide synthase, dehydratase domain",""
"237","g23544",-1.14539886141127,3.44236175577044,-7.16135532433232,1.85116584104159e-07,2.18286216060935e-05,6.42093056539003,"g23544.t1","b47e7321d70b5d6ff0ffd8bd32ae3a15",1477,"Pfam","PF00550","Phosphopantetheine attachment site",1112,1174,"3.4E-8",TRUE,"27-07-2020","IPR009081","Phosphopantetheine binding ACP domain",""
"238","g2486",2.95043470846101,0.483303872114536,7.99572143514257,2.70592692891753e-08,4.41160208611084e-06,9.19298054639835,"g2486.t1",NA,NA,NA,NA,NA,NA,NA,NA,NA,NA,NA,NA,NA
"239","g2645",9.00902319823998,-1.05728111793734,9.67080435033972,7.51933022205503e-10,2.47333197075982e-07,12.3560120432254,"g2645.t1","5583c0d69427192bae18d2c718027e8d",300,"Pfam","PF00975","Thioesterase domain",42,290,"3.8E-14",TRUE,"27-07-2020","IPR001031","Thioesterase","GO:0009058|GO:0016788"
"240","g2809",6.85943360847639,-2.19445616297905,8.06841018012162,2.29851738724186e-08,3.88242364805384e-06,9.19414162004243,"g2809.t1","d789b974e619564b28dfd802a0600eef",94,"Pfam","PF16093","Proteasome assembly chaperone 4",1,68,"3.7E-17",TRUE,"27-07-2020","IPR032157","Proteasome assembly chaperone 4","GO:0043248"
"241","g2870",4.12018530274621,1.61676759817881,7.43254629312921,9.81014345763104e-08,1.31313652007358e-05,7.89645199457697,"g2870.t2",NA,NA,NA,NA,NA,NA,NA,NA,NA,NA,NA,NA,NA
"242","g2870",4.12018530274621,1.61676759817881,7.43254629312921,9.81014345763104e-08,1.31313652007358e-05,7.89645199457697,"g2870.t1",NA,NA,NA,NA,NA,NA,NA,NA,NA,NA,NA,NA,NA
"243","g2882",-4.51549131973377,-3.6778409373063,-9.28501291766352,1.66136181903969e-09,4.71952617351138e-07,11.591450986126,"g2882.t1","a72530f6111ade09765b7ef28207e4c1",139,"SignalP_EUK","SignalP-noTM","",1,22,"-",TRUE,"27-07-2020","","",""
"244","g3121",3.96457186850106,-0.618836877750014,7.69162800654781,5.39627716279817e-08,7.84300779265913e-06,8.51688657701032,"g3121.t1",NA,NA,NA,NA,NA,NA,NA,NA,NA,NA,NA,NA,NA
"245","g322",3.85653968394924,-2.10910582174351,6.76553346239523,4.75551746335506e-07,4.43588044380319e-05,6.4253640610024,"g322.t1",NA,NA,NA,NA,NA,NA,NA,NA,NA,NA,NA,NA,NA
"246","g3239",11.7528838009823,0.379111544677392,7.91594631361256,3.23924772412729e-08,5.10358450249265e-06,8.97016353734903,"g3239.t1","9cf32fc67f9bf3cef71df16addac3442",499,"Pfam","PF07993","Male sterility protein",18,287,"7.2E-65",TRUE,"27-07-2020","IPR013120","Male sterility, NAD-binding",""
"247","g3239",11.7528838009823,0.379111544677392,7.91594631361256,3.23924772412729e-08,5.10358450249265e-06,8.97016353734903,"g3239.t1","9cf32fc67f9bf3cef71df16addac3442",499,"Pfam","PF03015","Male sterility protein",361,454,"3.2E-26",TRUE,"27-07-2020","IPR033640","Fatty acyl-CoA reductase, C-terminal",""
"248","g3439",2.36648760597518,-0.538412913191227,9.15748619620118,2.16820397006655e-09,5.89154438185184e-07,11.6411741618135,"g3439.t1",NA,NA,NA,NA,NA,NA,NA,NA,NA,NA,NA,NA,NA
"249","g3456",-1.52434073590439,3.74202085894821,-7.24177830029348,1.53192101705898e-07,1.84115302236146e-05,6.82030310615952,"g3456.t1","fafa7889f353c678513d8f75f5259455",367,"Pfam","PF00651","BTB/POZ domain",194,295,"1.2E-24",TRUE,"27-07-2020","IPR000210","BTB/POZ domain","GO:0005515"
"250","g3473",-1.1090357834786,3.26122080656712,-9.35845836983612,1.42653244280013e-09,4.24540583651739e-07,11.7348370081559,"g3473.t1",NA,NA,NA,NA,NA,NA,NA,NA,NA,NA,NA,NA,NA
"251","g3496",1.88286096039562,6.68621024474254,7.70527380430173,5.2303199819797e-08,7.66119291735449e-06,7.41436410171456,"g3496.t1","7faa7c8a353424cba162b7ed945d7fc7",562,"Pfam","PF00245","Alkaline phosphatase",72,508,"1.0E-132",TRUE,"27-07-2020","IPR001952","Alkaline phosphatase","GO:0016791"
"252","g3496",1.88286096039562,6.68621024474254,7.70527380430173,5.2303199819797e-08,7.66119291735449e-06,7.41436410171456,"g3496.t1","7faa7c8a353424cba162b7ed945d7fc7",562,"SignalP_EUK","SignalP-noTM","",1,22,"-",TRUE,"27-07-2020","","",""
"253","g3503",7.08041777363984,-0.158626758596758,8.33286734274309,1.27699614425545e-08,2.60243485963537e-06,9.86536850532506,"g3503.t1","032a638e4831fb3d35ea2c7a398af9e3",1791,"Pfam","PF00651","BTB/POZ domain",1280,1377,"2.6E-14",TRUE,"27-07-2020","IPR000210","BTB/POZ domain","GO:0005515"
"254","g3503",7.08041777363984,-0.158626758596758,8.33286734274309,1.27699614425545e-08,2.60243485963537e-06,9.86536850532506,"g3503.t1","032a638e4831fb3d35ea2c7a398af9e3",1791,"Pfam","PF07707","BTB And C-terminal Kelch",1409,1477,"7.9E-7",TRUE,"27-07-2020","IPR011705","BTB/Kelch-associated",""
"255","g3503",7.08041777363984,-0.158626758596758,8.33286734274309,1.27699614425545e-08,2.60243485963537e-06,9.86536850532506,"g3503.t1","032a638e4831fb3d35ea2c7a398af9e3",1791,"Pfam","PF00651","BTB/POZ domain",967,1037,"2.5E-6",TRUE,"27-07-2020","IPR000210","BTB/POZ domain","GO:0005515"
"256","g3503",7.08041777363984,-0.158626758596758,8.33286734274309,1.27699614425545e-08,2.60243485963537e-06,9.86536850532506,"g3503.t1","032a638e4831fb3d35ea2c7a398af9e3",1791,"Pfam","PF00651","BTB/POZ domain",48,148,"3.4E-16",TRUE,"27-07-2020","IPR000210","BTB/POZ domain","GO:0005515"
"257","g3503",7.08041777363984,-0.158626758596758,8.33286734274309,1.27699614425545e-08,2.60243485963537e-06,9.86536850532506,"g3503.t1","032a638e4831fb3d35ea2c7a398af9e3",1791,"Pfam","PF07707","BTB And C-terminal Kelch",479,543,"1.2E-4",TRUE,"27-07-2020","IPR011705","BTB/Kelch-associated",""
"258","g3503",7.08041777363984,-0.158626758596758,8.33286734274309,1.27699614425545e-08,2.60243485963537e-06,9.86536850532506,"g3503.t1","032a638e4831fb3d35ea2c7a398af9e3",1791,"Pfam","PF00651","BTB/POZ domain",349,452,"2.7E-14",TRUE,"27-07-2020","IPR000210","BTB/POZ domain","GO:0005515"
"259","g354",3.4791461153844,1.52955082281615,11.7365284550136,1.46799034345682e-11,1.14680628956133e-08,16.5480463547073,"g354.t1","d723a6712df683df1f965bf3d2051a44",709,"Pfam","PF09820","Predicted AAA-ATPase",123,409,"1.4E-59",TRUE,"27-07-2020","IPR018631","AAA-ATPase-like domain",""
"260","g3541",-5.94871398313513,1.10435879390269,-9.73161566905474,6.64755073096099e-10,2.30184991243162e-07,12.7772630545928,"g3541.t1",NA,NA,NA,NA,NA,NA,NA,NA,NA,NA,NA,NA,NA
"261","g3541",-5.94871398313513,1.10435879390269,-9.73161566905474,6.64755073096099e-10,2.30184991243162e-07,12.7772630545928,"g3541.t2",NA,NA,NA,NA,NA,NA,NA,NA,NA,NA,NA,NA,NA
"262","g3814",-5.28070470496321,0.0825277774623995,-8.0762260987123,2.25863362909616e-08,3.84973835562944e-06,9.35852511115519,"g3814.t1",NA,NA,NA,NA,NA,NA,NA,NA,NA,NA,NA,NA,NA
"263","g3974",-4.76843328305109,-3.29313541141941,-8.15961052359175,1.87483567167066e-08,3.41274699108284e-06,9.34931925526062,"g3974.t1",NA,NA,NA,NA,NA,NA,NA,NA,NA,NA,NA,NA,NA
"264","g4034",-1.75627738672803,1.70903000175582,-7.24873960273518,1.50708366603943e-07,1.83875111848887e-05,7.06406943247572,"g4034.t1","19c65596b7dcbbeb658515852cb17dff",905,"Pfam","PF00651","BTB/POZ domain",324,440,"6.4E-17",TRUE,"27-07-2020","IPR000210","BTB/POZ domain","GO:0005515"
"265","g4034",-1.75627738672803,1.70903000175582,-7.24873960273518,1.50708366603943e-07,1.83875111848887e-05,7.06406943247572,"g4034.t1","19c65596b7dcbbeb658515852cb17dff",905,"Pfam","PF00651","BTB/POZ domain",20,107,"5.3E-11",TRUE,"27-07-2020","IPR000210","BTB/POZ domain","GO:0005515"
"266","g4054",1.00038627207468,5.18937341310072,11.6199699754328,1.80928553005644e-11,1.2299888774878e-08,15.6685614768696,"g4054.t1","cf95115603c96e5a5a2778fc5be438c2",576,"Pfam","PF07707","BTB And C-terminal Kelch",138,221,"2.5E-7",TRUE,"27-07-2020","IPR011705","BTB/Kelch-associated",""
"267","g4054",1.00038627207468,5.18937341310072,11.6199699754328,1.80928553005644e-11,1.2299888774878e-08,15.6685614768696,"g4054.t1","cf95115603c96e5a5a2778fc5be438c2",576,"Pfam","PF00651","BTB/POZ domain",21,129,"1.8E-21",TRUE,"27-07-2020","IPR000210","BTB/POZ domain","GO:0005515"
"268","g4055",6.10755814625746,-1.5654888331978,11.082049813803,4.84097860616987e-11,2.59324308248797e-08,14.9442917170424,"g4055.t1",NA,NA,NA,NA,NA,NA,NA,NA,NA,NA,NA,NA,NA
"269","g4056",6.92330383880083,-2.78493767931802,14.9111983159561,8.28799850863691e-14,1.94239605048042e-10,19.9539954267359,"g4056.t1",NA,NA,NA,NA,NA,NA,NA,NA,NA,NA,NA,NA,NA
"270","g4057",8.9672520081443,-0.890300193727616,14.7487588449104,1.05668138506956e-13,1.99665274931719e-10,20.0600277642626,"g4057.t1","d14101027f3a8223bb8a19e235ae6977",583,"Pfam","PF00651","BTB/POZ domain",21,119,"4.1E-24",TRUE,"27-07-2020","IPR000210","BTB/POZ domain","GO:0005515"
"271","g4057",8.9672520081443,-0.890300193727616,14.7487588449104,1.05668138506956e-13,1.99665274931719e-10,20.0600277642626,"g4057.t1","d14101027f3a8223bb8a19e235ae6977",583,"Pfam","PF07707","BTB And C-terminal Kelch",137,224,"2.2E-4",TRUE,"27-07-2020","IPR011705","BTB/Kelch-associated",""
"272","g4224",10.0191570831437,-1.05943673259372,10.2616224521296,2.31589299063033e-10,1.00978320189135e-07,13.4301879129824,"g4224.t1","9d154970fce96ac81505e2ddaeeb37d6",378,"Pfam","PF00651","BTB/POZ domain",202,305,"1.4E-27",TRUE,"27-07-2020","IPR000210","BTB/POZ domain","GO:0005515"
"273","g4227",2.66119856682807,-1.6908493177288,6.48726156822086,9.33683783575703e-07,7.48104156335934e-05,5.62768217368914,"g4227.t1","a03e7c0b463dd11dc540282b12d87df5",495,"SignalP_EUK","SignalP-noTM","",1,20,"-",TRUE,"27-07-2020","","",""
"274","g4227",2.66119856682807,-1.6908493177288,6.48726156822086,9.33683783575703e-07,7.48104156335934e-05,5.62768217368914,"g4227.t1","a03e7c0b463dd11dc540282b12d87df5",495,"Pfam","PF03022","Major royal jelly protein",123,416,"1.2E-68",TRUE,"27-07-2020","IPR017996","Major royal jelly protein/protein yellow",""
"275","g4497",-4.53463293938013,-4.69038008328903,-9.97536204400374,4.07545957563722e-10,1.52821583167245e-07,12.6902433021496,"g4497.t1","ddb34995de7f6eddd533dd584e8c68af",158,"SignalP_EUK","SignalP-noTM","",1,19,"-",TRUE,"27-07-2020","","",""
"276","g4590",10.0256223055824,-0.634168513675473,8.82535855236094,4.38109373497546e-09,1.06676787580591e-06,10.7685152545604,"g4590.t1","1baea9ad3ed56f331547c372811f6c20",285,"Pfam","PF01151","GNS1/SUR4 family",34,272,"1.7E-64",TRUE,"27-07-2020","IPR002076","ELO family","GO:0016021"
"277","g4591",5.2169803665885,-4.50301262580757,14.170486723098,2.55403115542385e-13,3.42039500950299e-10,18.8089084298562,"g4591.t1","c1f92b41c86898cfc519c403cc068265",134,"Pfam","PF01151","GNS1/SUR4 family",34,111,"2.3E-11",TRUE,"27-07-2020","IPR002076","ELO family","GO:0016021"
"278","g4593",8.68402397975903,-2.65478592467052,15.5348236065745,3.32601424773376e-14,1.03932401884601e-10,20.8317651264456,"g4593.t1","cee2e29cd82b68fc3799b8696eac0597",220,"Pfam","PF00194","Eukaryotic-type carbonic anhydrase",5,137,"2.0E-8",TRUE,"27-07-2020","IPR001148","Alpha carbonic anhydrase domain",""
"279","g4594",5.84641511036799,-4.28471564844688,9.4658836009239,1.14293788072398e-09,3.51294136486786e-07,11.8591754208889,"g4594.t1","5f0bc511b7192f194f6be1422a18a5f3",268,"Pfam","PF00194","Eukaryotic-type carbonic anhydrase",90,189,"3.7E-7",TRUE,"27-07-2020","IPR001148","Alpha carbonic anhydrase domain",""
"280","g4594",5.84641511036799,-4.28471564844688,9.4658836009239,1.14293788072398e-09,3.51294136486786e-07,11.8591754208889,"g4594.t1","5f0bc511b7192f194f6be1422a18a5f3",268,"SignalP_EUK","SignalP-noTM","",1,21,"-",TRUE,"27-07-2020","","",""
"281","g4615",-2.80600611665602,-1.0229825542514,-6.86532172414448,3.74200655406526e-07,3.86533957108993e-05,6.65711747681483,"g4615.t1","c2815ba9e32740a31faac67a0206040f",446,"Pfam","PF03227","Gamma interferon inducible lysosomal thiol reductase (GILT)",270,366,"9.4E-8",TRUE,"27-07-2020","IPR004911","Gamma interferon inducible lysosomal thiol reductase GILT",""
"282","g4615",-2.80600611665602,-1.0229825542514,-6.86532172414448,3.74200655406526e-07,3.86533957108993e-05,6.65711747681483,"g4615.t1","c2815ba9e32740a31faac67a0206040f",446,"Pfam","PF03227","Gamma interferon inducible lysosomal thiol reductase (GILT)",72,171,"6.0E-8",TRUE,"27-07-2020","IPR004911","Gamma interferon inducible lysosomal thiol reductase GILT",""
"283","g4615",-2.80600611665602,-1.0229825542514,-6.86532172414448,3.74200655406526e-07,3.86533957108993e-05,6.65711747681483,"g4615.t1","c2815ba9e32740a31faac67a0206040f",446,"SignalP_EUK","SignalP-noTM","",1,19,"-",TRUE,"27-07-2020","","",""
"284","g4661",-2.33306857286265,2.9394757061571,-8.99813329109523,3.03309585098082e-09,8.009509029583e-07,11.1150644118457,"g4661.t1",NA,NA,NA,NA,NA,NA,NA,NA,NA,NA,NA,NA,NA
"285","g4976",-0.8244020187536,6.16071955990775,-8.8643984563813,4.03040638959937e-09,1.02116337025133e-06,10.0831530510798,"g4976.t1",NA,NA,NA,NA,NA,NA,NA,NA,NA,NA,NA,NA,NA
"286","g5035",4.20911801207503,-3.98352456952954,6.53459401289753,8.31925872232685e-07,6.84113078003974e-05,5.87467458435603,"g5035.t1","2480be5ec10c103776eb94bc625ac701",172,"Pfam","PF02958","Ecdysteroid kinase",19,120,"1.6E-27",TRUE,"27-07-2020","IPR004119","Ecdysteroid kinase-like",""
"287","g506",5.49176975571772,-1.24530603233324,7.03147347240109,2.51746904218505e-07,2.82049601416512e-05,7.00476178370669,"g506.t1","f164d332b0e88c7d556cc85f37c4919a",304,"Pfam","PF01433","Peptidase family M1 domain",9,176,"2.4E-31",TRUE,"27-07-2020","IPR014782","Peptidase M1, membrane alanine aminopeptidase","GO:0008237|GO:0008270"
"288","g5063",1.54525360316645,2.52492956956769,8.11238064875609,2.08317943128944e-08,3.68467275068355e-06,8.9605715313626,"g5063.t1",NA,NA,NA,NA,NA,NA,NA,NA,NA,NA,NA,NA,NA
"289","g507",8.42392964549532,-0.714225527089011,6.78435813732137,4.54486316141865e-07,4.30669306363404e-05,6.46289967624295,"g507.t1","631551ee0bc45ee9fff94dbd87ca6d45",202,"Pfam","PF11838","ERAP1-like C-terminal domain",3,181,"1.1E-18",TRUE,"27-07-2020","IPR024571","ERAP1-like C-terminal domain",""
"290","g5232",11.0857285435075,0.390216860757181,6.55936923360304,7.83244760067821e-07,6.58522690874959e-05,5.93927385804777,"g5232.t1","7f7af4f552c6d7ed3a1943e0a2da840e",858,"Pfam","PF18694","Transactive response DNA-binding protein N-terminal domain",29,91,"4.8E-16",TRUE,"27-07-2020","IPR041105","TAR DNA-binding protein 43, N-terminal",""
"291","g5249",1.0531491657483,5.57849535374263,17.163557421344,3.50983316438771e-15,1.64514654997763e-11,24.4965165004114,"g5249.t1","0b6d27f1ab02340966ac402f3aa850e0",388,"Pfam","PF00013","KH domain",75,143,"9.1E-9",TRUE,"27-07-2020","IPR004088","K Homology domain, type 1","GO:0003723"
"292","g5249",1.0531491657483,5.57849535374263,17.163557421344,3.50983316438771e-15,1.64514654997763e-11,24.4965165004114,"g5249.t1","0b6d27f1ab02340966ac402f3aa850e0",388,"Pfam","PF09128","Regulator of G protein signalling-like domain",239,315,"6.0E-5",TRUE,"27-07-2020","IPR015212","Regulator of G protein signalling-like domain","GO:0005089|GO:0005737"
"293","g5582",6.66922990289094,-2.52122714658298,9.49863989504098,1.06856029844952e-09,3.33907283927169e-07,11.9659550993362,"g5582.t1","2f88ea0030b77a5f6d25642e7a9d4afe",223,"Pfam","PF00109","Beta-ketoacyl synthase, N-terminal domain",14,221,"4.9E-37",TRUE,"27-07-2020","IPR014030","Beta-ketoacyl synthase, N-terminal",""
"294","g5583",-0.657888493855578,4.93833260992503,-7.06743874900025,2.31152855641815e-07,2.64261273806609e-05,6.12668427408164,"g5583.t1",NA,NA,NA,NA,NA,NA,NA,NA,NA,NA,NA,NA,NA
"295","g5915",1.98067152179111,2.76910430198559,7.89371226703236,3.40631293763689e-08,5.2840429731356e-06,8.65748534168008,"g5915.t1",NA,NA,NA,NA,NA,NA,NA,NA,NA,NA,NA,NA,NA
"296","g6067",6.42877272340756,-1.80987258301527,8.59876908297006,7.13853662975482e-09,1.61253522013582e-06,10.3790870778182,"g6067.t1","98a35ef5ee463f1394510890bfb3081a",1071,"Pfam","PF00651","BTB/POZ domain",55,144,"1.3E-4",TRUE,"27-07-2020","IPR000210","BTB/POZ domain","GO:0005515"
"297","g6067",6.42877272340756,-1.80987258301527,8.59876908297006,7.13853662975482e-09,1.61253522013582e-06,10.3790870778182,"g6067.t1","98a35ef5ee463f1394510890bfb3081a",1071,"SignalP_EUK","SignalP-noTM","",1,26,"-",TRUE,"27-07-2020","","",""
"298","g6067",6.42877272340756,-1.80987258301527,8.59876908297006,7.13853662975482e-09,1.61253522013582e-06,10.3790870778182,"g6067.t1","98a35ef5ee463f1394510890bfb3081a",1071,"Pfam","PF00651","BTB/POZ domain",499,610,"5.3E-8",TRUE,"27-07-2020","IPR000210","BTB/POZ domain","GO:0005515"
"299","g6146",-1.32149373726159,4.48408343521359,-7.39129663219022,1.0798310137391e-07,1.40595497754128e-05,7.00475520539633,"g6146.t1",NA,NA,NA,NA,NA,NA,NA,NA,NA,NA,NA,NA,NA
"300","g6147",-1.60574690489185,3.38942252931991,-7.34537120107339,1.20191437694125e-07,1.52261436846428e-05,7.23046233449217,"g6147.t1",NA,NA,NA,NA,NA,NA,NA,NA,NA,NA,NA,NA,NA
"301","g6163",-1.56449655478716,0.464780936503379,-7.46879328604665,9.01839238044237e-08,1.22525970102112e-05,7.84620833066882,"g6163.t1","f21207f42ce9500f5cace36c468e22ab",889,"Pfam","PF09820","Predicted AAA-ATPase",289,607,"7.8E-32",TRUE,"27-07-2020","IPR018631","AAA-ATPase-like domain",""
"302","g6171",4.52273748718839,-2.97391056276515,6.54151324104787,8.18027648472102e-07,6.81653350275709e-05,5.87938150448774,"g6171.t1",NA,NA,NA,NA,NA,NA,NA,NA,NA,NA,NA,NA,NA
"303","g6173",-1.52430864388512,1.60319590415635,-6.93763701937119,3.14774953748581e-07,3.35324750445008e-05,6.61400524677932,"g6173.t1","041bf37c6da787554839625b2ee9fcb0",196,"Pfam","PF00098","Zinc knuckle",166,181,"7.2E-5",TRUE,"27-07-2020","IPR001878","Zinc finger, CCHC-type","GO:0003676|GO:0008270"
"304","g6175",-2.3318939260659,1.32508901213711,-10.0457315140225,3.543486077131e-10,1.41354937149211e-07,13.3365162146575,"g6175.t1",NA,NA,NA,NA,NA,NA,NA,NA,NA,NA,NA,NA,NA
"305","g6203",-1.56330982817663,2.6310375746609,-6.79225658775195,4.45933704434964e-07,4.26571991043426e-05,5.86189881840733,"g6203.t1",NA,NA,NA,NA,NA,NA,NA,NA,NA,NA,NA,NA,NA
"306","g6210",4.59009317959636,-3.09865553470852,7.28474764653045,1.38503295447261e-07,1.73119885756046e-05,7.52142788426294,"g6210.t1","fbf334443a7cc91e1f94619847ce0ea6",258,"Pfam","PF02892","BED zinc finger",127,170,"7.0E-8",TRUE,"27-07-2020","IPR003656","Zinc finger, BED-type","GO:0003677"
"307","g6329",-5.80561697138791,-2.30566492673059,-11.5242807591072,2.15039511240467e-11,1.39026751594742e-08,15.4468752652457,"g6329.t1","ebac11d3f2c82cf818b3faca87946eb8",106,"Pfam","PF02747","Proliferating cell nuclear antigen, C-terminal domain",4,73,"2.2E-26",TRUE,"27-07-2020","IPR022649","Proliferating cell nuclear antigen, PCNA, C-terminal","GO:0003677|GO:0006275"
"308","g6396",2.58364183745151,1.70857942718317,9.09546883805645,2.46982677658246e-09,6.61525460487778e-07,11.4385311582351,"g6396.t1","ea2c9cda95dd6f0a790650231e365ff0",784,"SignalP_EUK","SignalP-noTM","",1,18,"-",TRUE,"27-07-2020","","",""
"309","g6396",2.58364183745151,1.70857942718317,9.09546883805645,2.46982677658246e-09,6.61525460487778e-07,11.4385311582351,"g6396.t1","ea2c9cda95dd6f0a790650231e365ff0",784,"Pfam","PF09820","Predicted AAA-ATPase",147,469,"6.7E-38",TRUE,"27-07-2020","IPR018631","AAA-ATPase-like domain",""
"310","g6525",9.568930598389,0.473434622623617,6.80807889309882,4.29291818954824e-07,4.17035871170155e-05,6.52433016560401,"g6525.t1","bc6f0d1d8fd8afd0bdce09e72756ded0",767,"Pfam","PF05699","hAT family C-terminal dimerisation region",685,755,"9.9E-12",TRUE,"27-07-2020","IPR008906","HAT, C-terminal dimerisation domain","GO:0046983"
"311","g6525",9.568930598389,0.473434622623617,6.80807889309882,4.29291818954824e-07,4.17035871170155e-05,6.52433016560401,"g6525.t1","bc6f0d1d8fd8afd0bdce09e72756ded0",767,"Pfam","PF02892","BED zinc finger",127,170,"3.1E-7",TRUE,"27-07-2020","IPR003656","Zinc finger, BED-type","GO:0003677"
"312","g6726",-2.94920887496953,7.40215997916857,-8.43247132536734,1.02588304210729e-08,2.18571376778064e-06,9.15411598983891,"g6726.t1","f2fa7ae3eb3c0a44a719c21286ed52cd",2348,"Pfam","PF13087","AAA domain",1098,1281,"8.0E-40",TRUE,"27-07-2020","IPR041679","DNA2/NAM7 helicase-like, AAA domain",""
"313","g6726",-2.94920887496953,7.40215997916857,-8.43247132536734,1.02588304210729e-08,2.18571376778064e-06,9.15411598983891,"g6726.t1","f2fa7ae3eb3c0a44a719c21286ed52cd",2348,"Pfam","PF13086","AAA domain",650,1084,"5.7E-25",TRUE,"27-07-2020","IPR041677","DNA2/NAM7 helicase, AAA domain",""
"314","g6824",1.10175980154843,2.3238863844812,7.28039930186098,1.39921813872911e-07,1.73734707834649e-05,7.22851178919047,"g6824.t1","ac7f373a7c72b61d4e0c4ce01a740c4b",174,"Pfam","PF08205","CD80-like C2-set immunoglobulin domain",107,145,"1.6E-4",TRUE,"27-07-2020","IPR013162","CD80-like, immunoglobulin C2-set",""
"315","g6967",2.45715644257274,1.16327095336979,6.77592504575214,4.63802853008881e-07,4.34791984553176e-05,6.22654638822899,"g6967.t1","94e434520adb6ead005a944c3632b62f",1039,"Pfam","PF09820","Predicted AAA-ATPase",329,680,"1.3E-29",TRUE,"27-07-2020","IPR018631","AAA-ATPase-like domain",""
"316","g6969",-1.94801658927871,0.261737750626933,-6.82271328146747,4.14463992344323e-07,4.11152666267922e-05,6.47294841104358,"g6969.t1","a08f21e2a686240052e8af4ecb48f364",343,"Pfam","PF00651","BTB/POZ domain",170,272,"1.9E-22",TRUE,"27-07-2020","IPR000210","BTB/POZ domain","GO:0005515"
"317","g7175",4.06428725826558,-3.78468243243839,7.3643977479765,1.14970710234105e-07,1.46638492937362e-05,7.62746640747936,"g7175.t1","f42506d30546b90e25fd467ea8067b71",1359,"Pfam","PF05585","Putative peptidase (DUF1758)",449,592,"1.1E-12",TRUE,"27-07-2020","IPR008737","Peptidase aspartic, putative",""
"318","g7175",4.06428725826558,-3.78468243243839,7.3643977479765,1.14970710234105e-07,1.46638492937362e-05,7.62746640747936,"g7175.t1","f42506d30546b90e25fd467ea8067b71",1359,"Pfam","PF03564","Protein of unknown function (DUF1759)",135,275,"8.2E-28",TRUE,"27-07-2020","IPR005312","Protein of unknown function DUF1759",""
"319","g7175",4.06428725826558,-3.78468243243839,7.3643977479765,1.14970710234105e-07,1.46638492937362e-05,7.62746640747936,"g7175.t1","f42506d30546b90e25fd467ea8067b71",1359,"Pfam","PF05380","Pao retrotransposon peptidase",802,963,"4.7E-53",TRUE,"27-07-2020","IPR008042","Retrotransposon, Pao",""
"320","g7300",-1.47584584704924,1.78018174552292,-6.8332915171924,4.04072420413116e-07,4.07309344641156e-05,6.01537919137027,"g7300.t2",NA,NA,NA,NA,NA,NA,NA,NA,NA,NA,NA,NA,NA
"321","g7300",-1.47584584704924,1.78018174552292,-6.8332915171924,4.04072420413116e-07,4.07309344641156e-05,6.01537919137027,"g7300.t1",NA,NA,NA,NA,NA,NA,NA,NA,NA,NA,NA,NA,NA
"322","g7300",-1.47584584704924,1.78018174552292,-6.8332915171924,4.04072420413116e-07,4.07309344641156e-05,6.01537919137027,"g7300.t3",NA,NA,NA,NA,NA,NA,NA,NA,NA,NA,NA,NA,NA
"323","g7587",2.82452503485036,1.4700484870961,8.11977123536554,2.0490712022944e-08,3.65886056874454e-06,9.2775268394692,"g7587.t1",NA,NA,NA,NA,NA,NA,NA,NA,NA,NA,NA,NA,NA
"324","g7624",-1.73833298258052,1.96151069873446,-6.70059533596493,5.56183486187914e-07,5.08677277196936e-05,5.91861108182834,"g7624.t1","db6858fceda14903b229d37014f4eb04",397,"Pfam","PF00651","BTB/POZ domain",245,348,"2.5E-29",TRUE,"27-07-2020","IPR000210","BTB/POZ domain","GO:0005515"
"325","g7633",1.07043477749195,4.63977980113751,8.32407215314127,1.30200864800616e-08,2.62487743456641e-06,9.13616382570957,"g7633.t1",NA,NA,NA,NA,NA,NA,NA,NA,NA,NA,NA,NA,NA
"326","g7822",7.54792042027136,-1.96666527710146,11.4114743303516,2.63943341921017e-11,1.64955790589238e-08,15.2613098664695,"g7822.t1",NA,NA,NA,NA,NA,NA,NA,NA,NA,NA,NA,NA,NA
"327","g791",-0.858544592722851,3.10414043975995,-7.1362241856682,1.9643004596012e-07,2.28749498863745e-05,6.76780859560562,"g791.t1",NA,NA,NA,NA,NA,NA,NA,NA,NA,NA,NA,NA,NA
"328","g8084",2.9775448483463,-0.447794895871284,10.1444597192253,2.91509274084892e-10,1.18815377822123e-07,13.4826523291598,"g8084.t1",NA,NA,NA,NA,NA,NA,NA,NA,NA,NA,NA,NA,NA
"329","g8172",1.61112707323801,1.09528735625698,6.70970593216585,5.44078852151689e-07,5.02442026833693e-05,5.89287433472993,"g8172.t2","738982fb2bde024670d635ece543dd0e",1080,"SignalP_EUK","SignalP-noTM","",1,18,"-",TRUE,"27-07-2020","","",""
"330","g8172",1.61112707323801,1.09528735625698,6.70970593216585,5.44078852151689e-07,5.02442026833693e-05,5.89287433472993,"g8172.t1","88634f7ae2af2dc51b14c72cb799d99e",1091,"SignalP_EUK","SignalP-noTM","",1,18,"-",TRUE,"27-07-2020","","",""
"331","g8172",1.61112707323801,1.09528735625698,6.70970593216585,5.44078852151689e-07,5.02442026833693e-05,5.89287433472993,"g8172.t3","badf42787b94811519e03d7ac46d2a04",919,"SignalP_EUK","SignalP-noTM","",1,18,"-",TRUE,"27-07-2020","","",""
"332","g8364",4.53214440399898,-3.67511319706898,9.72387619150535,6.7524532073038e-10,2.30184991243162e-07,12.2225063606638,"g8364.t1",NA,NA,NA,NA,NA,NA,NA,NA,NA,NA,NA,NA,NA
"333","g8438",-1.24029618578967,4.69252614452436,-7.04695527012354,2.4266120799875e-07,2.74075601733046e-05,6.11153646811244,"g8438.t1","06c19ebdc19918ca61cb550334f4d3ab",2644,"Pfam","PF12796","Ankyrin repeats (3 copies)",1341,1404,"7.3E-10",TRUE,"27-07-2020","IPR020683","Ankyrin repeat-containing domain",""
"334","g8438",-1.24029618578967,4.69252614452436,-7.04695527012354,2.4266120799875e-07,2.74075601733046e-05,6.11153646811244,"g8438.t1","06c19ebdc19918ca61cb550334f4d3ab",2644,"Pfam","PF12796","Ankyrin repeats (3 copies)",1016,1098,"1.8E-13",TRUE,"27-07-2020","IPR020683","Ankyrin repeat-containing domain",""
"335","g8438",-1.24029618578967,4.69252614452436,-7.04695527012354,2.4266120799875e-07,2.74075601733046e-05,6.11153646811244,"g8438.t1","06c19ebdc19918ca61cb550334f4d3ab",2644,"Pfam","PF13424","Tetratricopeptide repeat",2267,2340,"2.3E-17",TRUE,"27-07-2020","","",""
"336","g8438",-1.24029618578967,4.69252614452436,-7.04695527012354,2.4266120799875e-07,2.74075601733046e-05,6.11153646811244,"g8438.t1","06c19ebdc19918ca61cb550334f4d3ab",2644,"Pfam","PF12796","Ankyrin repeats (3 copies)",1168,1237,"5.2E-12",TRUE,"27-07-2020","IPR020683","Ankyrin repeat-containing domain",""
"337","g8438",-1.24029618578967,4.69252614452436,-7.04695527012354,2.4266120799875e-07,2.74075601733046e-05,6.11153646811244,"g8438.t1","06c19ebdc19918ca61cb550334f4d3ab",2644,"Pfam","PF13424","Tetratricopeptide repeat",2111,2167,"1.9E-7",TRUE,"27-07-2020","","",""
"338","g8438",-1.24029618578967,4.69252614452436,-7.04695527012354,2.4266120799875e-07,2.74075601733046e-05,6.11153646811244,"g8438.t1","06c19ebdc19918ca61cb550334f4d3ab",2644,"Pfam","PF12796","Ankyrin repeats (3 copies)",1919,2008,"4.4E-11",TRUE,"27-07-2020","IPR020683","Ankyrin repeat-containing domain",""
"339","g8438",-1.24029618578967,4.69252614452436,-7.04695527012354,2.4266120799875e-07,2.74075601733046e-05,6.11153646811244,"g8438.t1","06c19ebdc19918ca61cb550334f4d3ab",2644,"Pfam","PF13424","Tetratricopeptide repeat",2183,2256,"4.1E-9",TRUE,"27-07-2020","","",""
"340","g8438",-1.24029618578967,4.69252614452436,-7.04695527012354,2.4266120799875e-07,2.74075601733046e-05,6.11153646811244,"g8438.t1","06c19ebdc19918ca61cb550334f4d3ab",2644,"Pfam","PF12796","Ankyrin repeats (3 copies)",1615,1709,"1.8E-16",TRUE,"27-07-2020","IPR020683","Ankyrin repeat-containing domain",""
"341","g8438",-1.24029618578967,4.69252614452436,-7.04695527012354,2.4266120799875e-07,2.74075601733046e-05,6.11153646811244,"g8438.t1","06c19ebdc19918ca61cb550334f4d3ab",2644,"Pfam","PF12796","Ankyrin repeats (3 copies)",2426,2510,"1.1E-17",TRUE,"27-07-2020","IPR020683","Ankyrin repeat-containing domain",""
"342","g8438",-1.24029618578967,4.69252614452436,-7.04695527012354,2.4266120799875e-07,2.74075601733046e-05,6.11153646811244,"g8438.t1","06c19ebdc19918ca61cb550334f4d3ab",2644,"Pfam","PF13857","Ankyrin repeats (many copies)",2523,2565,"4.1E-7",TRUE,"27-07-2020","","",""
"343","g8438",-1.24029618578967,4.69252614452436,-7.04695527012354,2.4266120799875e-07,2.74075601733046e-05,6.11153646811244,"g8438.t1","06c19ebdc19918ca61cb550334f4d3ab",2644,"Pfam","PF12796","Ankyrin repeats (3 copies)",1710,1776,"2.9E-13",TRUE,"27-07-2020","IPR020683","Ankyrin repeat-containing domain",""
"344","g8438",-1.24029618578967,4.69252614452436,-7.04695527012354,2.4266120799875e-07,2.74075601733046e-05,6.11153646811244,"g8438.t1","06c19ebdc19918ca61cb550334f4d3ab",2644,"Pfam","PF12796","Ankyrin repeats (3 copies)",1779,1841,"3.6E-11",TRUE,"27-07-2020","IPR020683","Ankyrin repeat-containing domain",""
"345","g8438",-1.24029618578967,4.69252614452436,-7.04695527012354,2.4266120799875e-07,2.74075601733046e-05,6.11153646811244,"g8438.t1","06c19ebdc19918ca61cb550334f4d3ab",2644,"Pfam","PF12796","Ankyrin repeats (3 copies)",1411,1502,"1.5E-17",TRUE,"27-07-2020","IPR020683","Ankyrin repeat-containing domain",""
"346","g8438",-1.24029618578967,4.69252614452436,-7.04695527012354,2.4266120799875e-07,2.74075601733046e-05,6.11153646811244,"g8438.t1","06c19ebdc19918ca61cb550334f4d3ab",2644,"Pfam","PF12796","Ankyrin repeats (3 copies)",1245,1338,"1.5E-18",TRUE,"27-07-2020","IPR020683","Ankyrin repeat-containing domain",""
"347","g8438",-1.24029618578967,4.69252614452436,-7.04695527012354,2.4266120799875e-07,2.74075601733046e-05,6.11153646811244,"g8438.t1","06c19ebdc19918ca61cb550334f4d3ab",2644,"Pfam","PF12796","Ankyrin repeats (3 copies)",1521,1606,"6.5E-9",TRUE,"27-07-2020","IPR020683","Ankyrin repeat-containing domain",""
"348","g8509",2.38042660047937,-0.168873082081897,6.53135474226584,8.3851489121012e-07,6.86520336039238e-05,5.86328285712702,"g8509.t1",NA,NA,NA,NA,NA,NA,NA,NA,NA,NA,NA,NA,NA
"349","g864",6.97120562332301,-3.29326780548207,14.9222051519908,8.15333074412517e-14,1.94239605048042e-10,19.9744568391856,"g864.t1","fa910916a14a0fd8cd8a882f82f1c867",148,"Pfam","PF15868","Transcription activator MBF2",55,145,"8.9E-10",TRUE,"27-07-2020","IPR031734","Transcription activator MBF2",""
"350","g872",5.2575104630668,-1.31607570762429,6.66021548424053,6.13231963980171e-07,5.44904554154703e-05,6.1832231470017,"g872.t1","53958b9e7bf0fa1fec1388bce0707951",712,"Pfam","PF10551","MULE transposase domain",403,497,"1.5E-15",TRUE,"27-07-2020","IPR018289","MULE transposase domain",""
"351","g872",5.2575104630668,-1.31607570762429,6.66021548424053,6.13231963980171e-07,5.44904554154703e-05,6.1832231470017,"g872.t1","53958b9e7bf0fa1fec1388bce0707951",712,"Pfam","PF00096","Zinc finger, C2H2 type",35,57,"1.3E-4",TRUE,"27-07-2020","IPR013087","Zinc finger C2H2-type","GO:0003676"
"352","g872",5.2575104630668,-1.31607570762429,6.66021548424053,6.13231963980171e-07,5.44904554154703e-05,6.1832231470017,"g872.t1","53958b9e7bf0fa1fec1388bce0707951",712,"Pfam","PF00177","Ribosomal protein S7p/S5e",548,704,"6.4E-36",TRUE,"27-07-2020","IPR023798","Ribosomal protein S7 domain",""
"353","g8819",-8.2584812390152,-2.49816062703878,-12.3592569870539,4.92442260238348e-12,4.61639996860439e-09,16.7166611997612,"g8819.t1",NA,NA,NA,NA,NA,NA,NA,NA,NA,NA,NA,NA,NA
"354","g8899",-1.01287655586564,3.74746711445999,-9.40063579959771,1.30740920394323e-09,3.95364760721479e-07,11.5843719829954,"g8899.t1",NA,NA,NA,NA,NA,NA,NA,NA,NA,NA,NA,NA,NA
"355","g9057",-4.13033008337147,5.11379232355591,-13.6556521788614,5.7414727034876e-13,7.1764581145126e-10,19.6201300078547,"g9057.t1","fbfce9a1e9825ffed9780e5b021e1be6",702,"Pfam","PF18694","Transactive response DNA-binding protein N-terminal domain",14,80,"1.5E-17",TRUE,"27-07-2020","IPR041105","TAR DNA-binding protein 43, N-terminal",""
"356","g9057",-4.13033008337147,5.11379232355591,-13.6556521788614,5.7414727034876e-13,7.1764581145126e-10,19.6201300078547,"g9057.t1","fbfce9a1e9825ffed9780e5b021e1be6",702,"Pfam","PF09820","Predicted AAA-ATPase",157,427,"9.2E-19",TRUE,"27-07-2020","IPR018631","AAA-ATPase-like domain",""
"357","g9061",6.51879027865686,-3.07378944834512,21.2945950343604,2.43287132523472e-17,2.28069522384129e-13,25.6449149516344,"g9061.t1","539db18847991238ecb2a4fb16d5aaff",443,"Pfam","PF09820","Predicted AAA-ATPase",3,129,"4.0E-23",TRUE,"27-07-2020","IPR018631","AAA-ATPase-like domain",""
"358","g9062",4.70489050126742,-3.96229875608422,6.59018975260681,7.26714307372033e-07,6.27887859397154e-05,5.96003324728309,"g9062.t1","3c9023e24ff47b05fa9ccfd37d4c5db4",342,"Pfam","PF09820","Predicted AAA-ATPase",33,327,"6.7E-55",TRUE,"27-07-2020","IPR018631","AAA-ATPase-like domain",""
"359","g9195",-5.44389220424138,-3.25386657645829,-11.6564745384994,1.69436024663937e-11,1.2299888774878e-08,15.4715169146036,"g9195.t1",NA,NA,NA,NA,NA,NA,NA,NA,NA,NA,NA,NA,NA
"360","g9211",0.542437157155188,5.98386620234841,8.29000504202563,1.40373943564106e-08,2.74153236237857e-06,8.80283045295296,"g9211.t1","a9d123bd9d910f719e48cfbdeb03774e",510,"Pfam","PF01529","DHHC palmitoyltransferase",162,286,"3.7E-37",TRUE,"27-07-2020","IPR001594","Palmitoyltransferase, DHHC domain",""
"361","g9216",-2.33742313553734,0.0703416670568838,-8.1047396759191,2.11905645130444e-08,3.71310181359877e-06,9.3717841514692,"g9216.t1",NA,NA,NA,NA,NA,NA,NA,NA,NA,NA,NA,NA,NA
"362","g925",3.29944434694184,0.176027853121761,6.80341877947318,4.34126367714564e-07,4.19558518983524e-05,6.48084078783781,"g925.t1",NA,NA,NA,NA,NA,NA,NA,NA,NA,NA,NA,NA,NA
"363","g9432",-4.58948112522121,-4.09382270243742,-6.70772623238217,5.46686081786087e-07,5.02442026833693e-05,6.22026149140752,"g9432.t1","497d2babc182af16095cde665feea92e",434,"SignalP_EUK","SignalP-noTM","",1,19,"-",TRUE,"27-07-2020","","",""
"364","g9537",-4.78296899243454,-1.4462930814477,-6.46469573027684,9.86578113821977e-07,7.8047903190077e-05,5.71626665735962,"g9537.t1",NA,NA,NA,NA,NA,NA,NA,NA,NA,NA,NA,NA,NA
"365","g9541",4.3798438310768,-2.41046458135792,7.24756160837448,1.51125750601361e-07,1.83875111848887e-05,7.45504323512445,"g9541.t1",NA,NA,NA,NA,NA,NA,NA,NA,NA,NA,NA,NA,NA
"366","g9552",5.30340184129545,-2.49288660187581,6.54327814973163,8.14520627255591e-07,6.81653350275709e-05,5.90863170789828,"g9552.t1",NA,NA,NA,NA,NA,NA,NA,NA,NA,NA,NA,NA,NA
"367","g9571",2.23049951463862,3.59252316888387,8.4514967259878,9.84009937792669e-09,2.12059796823848e-06,9.67161503387169,"g9571.t1",NA,NA,NA,NA,NA,NA,NA,NA,NA,NA,NA,NA,NA
"368","g9797",1.62543857808262,3.22041900245561,7.42665716455792,9.94535099741046e-08,1.31313652007358e-05,7.41299367550788,"g9797.t1",NA,NA,NA,NA,NA,NA,NA,NA,NA,NA,NA,NA,NA
"369","g9804",2.73664858347985,3.08421976938602,10.0143542194743,3.77123847147391e-10,1.47306146045134e-07,13.2144296533388,"g9804.t1","0b5d120f8f1daa29d4838d6c401ac0b2",248,"Pfam","PF00076","RNA recognition motif. (a.k.a. RRM, RBD, or RNP domain)",107,161,"9.7E-8",TRUE,"27-07-2020","IPR000504","RNA recognition motif domain","GO:0003676"
"370","g9804",2.73664858347985,3.08421976938602,10.0143542194743,3.77123847147391e-10,1.47306146045134e-07,13.2144296533388,"g9804.t1","0b5d120f8f1daa29d4838d6c401ac0b2",248,"Pfam","PF00076","RNA recognition motif. (a.k.a. RRM, RBD, or RNP domain)",21,69,"9.5E-11",TRUE,"27-07-2020","IPR000504","RNA recognition motif domain","GO:0003676"
