g20083.t1	g19495.t1	84.239	184	28	1	5	188	137	319	4.06e-112	324	188	390	98	98
g20083.t1	g1653.t1	84.783	184	27	1	5	188	276	458	9.80e-111	327	188	578	98	98
g20083.t1	g11789.t1	84.239	184	28	1	5	188	276	458	1.22e-110	325	188	529	98	98
g20083.t1	g4377.t1	84.239	184	28	1	5	188	276	458	1.77e-110	325	188	529	98	98
g20083.t1	g5114.t1	84.783	184	27	1	5	188	276	458	1.36e-109	327	188	682	98	98
g20083.t1	g8817.t1	81.522	184	33	1	5	188	276	458	1.33e-108	318	188	471	98	98
g20083.t1	g10435.t1	84.783	184	27	1	5	188	276	458	2.22e-108	327	188	804	98	98
g20083.t1	g17478.t1	85.326	184	26	1	5	188	276	458	9.85e-107	328	188	1062	98	98
g20083.t1	g15617.t1	80.180	111	21	1	5	115	276	385	8.03e-59	188	188	394	59	59
g20083.t1	g3208.t1	57.576	165	68	2	25	188	235	398	3.27e-58	189	188	506	87	87
g20083.t1	g3938.t1	56.970	165	69	2	25	188	236	399	2.52e-57	188	188	569	87	87
g20083.t1	g22189.t1	82.692	104	16	2	9	112	226	327	6.96e-53	171	188	339	55	55
g20083.t1	g18403.t1	43.169	183	95	4	2	184	198	371	4.21e-41	147	188	775	97	97
g20083.t1	g926.t1	43.503	177	95	3	8	184	280	451	5.50e-41	146	188	860	94	94
g20083.t1	g3663.t1	84.810	79	12	0	110	188	74	152	4.69e-39	141	188	1019	42	42
g20083.t1	g9400.t1	38.547	179	101	5	8	184	283	454	5.26e-35	129	188	704	94	94
g20083.t1	g4327.t1	40.606	165	90	4	23	186	403	560	2.29e-34	127	188	608	87	87
g20083.t1	g11935.t1	41.139	158	88	3	32	187	198	352	3.40e-32	121	188	704	83	83
g20083.t1	g15053.t1	35.912	181	107	5	5	184	301	473	8.11e-31	116	188	516	96	96
g20083.t1	g8856.t1	37.805	164	97	4	22	184	117	276	1.44e-30	114	188	379	87	87
g20083.t1	g18479.t1	39.490	157	93	1	29	185	277	431	1.80e-30	116	188	784	84	84
g20083.t1	g2348.t1	35.912	181	107	5	5	184	299	471	2.09e-30	116	188	991	96	96
g20083.t1	g8137.t1	53.846	104	46	2	25	127	171	273	2.86e-27	106	188	499	55	55
g20084.t1	g6315.t1	90.728	151	11	1	244	391	2	152	1.03e-92	274	391	152	38	38
g20084.t1	g22599.t1	53.898	295	129	5	102	391	516	808	1.55e-92	294	391	808	99	74
g20084.t1	g22599.t1	44.286	140	76	1	3	142	151	288	5.51e-31	124	391	808	99	36
g20084.t1	g21400.t1	92.053	151	9	1	244	391	491	641	9.07e-88	278	391	641	75	38
g20084.t1	g21400.t1	84.722	144	22	0	1	144	64	207	1.01e-74	244	391	641	75	37
g20084.t1	g6315.t2	90.728	151	11	1	244	391	491	641	6.62e-87	276	391	641	75	38
g20084.t1	g6315.t2	84.722	144	22	0	1	144	64	207	1.15e-74	243	391	641	75	37
g20084.t1	g4734.t1	90.728	151	11	1	244	391	407	557	7.01e-87	273	391	557	38	38
g20084.t1	g17774.t1	90.066	151	12	1	244	391	424	574	3.22e-86	272	391	574	71	38
g20084.t1	g17774.t1	66.923	130	13	2	1	130	64	163	3.30e-42	155	391	574	71	33
g20084.t1	g435.t1	85.417	144	21	0	1	144	64	207	3.60e-81	247	391	217	37	37
g20084.t1	g11495.t1	84.722	144	22	0	1	144	64	207	2.17e-80	245	391	211	37	37
g20084.t1	g11914.t1	84.722	144	22	0	1	144	64	207	7.66e-79	244	391	293	37	37
g20084.t1	g13852.t1	84.722	144	22	0	1	144	64	207	8.63e-79	244	391	293	37	37
g20084.t1	g19656.t1	84.722	144	22	0	1	144	64	207	4.87e-76	244	391	512	37	37
g20084.t1	g22715.t1	88.148	135	16	0	1	135	64	198	9.41e-74	240	391	587	35	35
g20084.t1	g12227.t1	84.722	144	22	0	1	144	64	207	6.42e-72	244	391	1326	37	37
g20084.t1	g23019.t1	93.878	98	6	0	244	341	2	99	2.46e-60	190	391	99	25	25
g20084.t1	g8598.t1	69.231	130	9	1	1	130	64	162	6.32e-46	168	391	900	33	33
g20084.t1	g9544.t1	62.185	119	43	2	102	219	145	262	1.41e-45	159	391	314	30	30
g20084.t1	g697.t1	61.062	113	42	2	102	213	420	531	5.93e-39	146	391	590	54	29
g20084.t1	g697.t1	43.571	140	77	1	3	142	69	206	1.20e-30	123	391	590	54	36
g20084.t1	g22289.t1	60.000	110	41	1	240	346	64	173	2.46e-36	131	391	198	27	27
g20084.t1	g13119.t1	61.765	102	37	2	109	209	609	709	3.06e-34	134	391	774	53	26
g20084.t1	g13119.t1	42.958	142	79	1	1	142	217	356	6.08e-30	121	391	774	53	36
g20084.t1	g3730.t1	61.386	101	37	2	109	208	366	465	1.85e-33	132	391	1405	53	26
g20084.t1	g3730.t1	43.571	140	77	1	3	142	69	206	8.79e-30	121	391	1405	53	36
g20084.t1	g16906.t1	43.571	140	77	1	3	142	69	206	1.58e-31	123	391	409	36	36
g20084.t1	g9545.t1	43.571	140	77	1	3	142	154	291	2.23e-31	122	391	386	36	36
g20084.t1	g2486.t1	44.286	140	76	1	3	142	151	288	2.95e-31	124	391	570	36	36
g20084.t1	g8070.t1	43.571	140	77	1	3	142	69	206	6.01e-31	123	391	501	36	36
g20084.t1	g13690.t1	37.430	179	101	3	1	174	176	348	2.62e-30	120	391	438	45	45
g20084.t1	g11496.t1	86.765	68	6	1	327	391	210	277	7.69e-29	113	391	277	17	17
g20085.t1	g20768.t1	57.965	226	93	1	1	226	1	224	4.62e-73	231	365	357	62	62
g20085.t1	g11059.t1	64.384	73	26	0	290	362	251	323	8.34e-31	119	365	324	20	20
g20086.t1	g10447.t1	59.615	156	29	1	109	230	25	180	3.21e-53	178	249	463	49	49
g20086.t1	g2692.t1	56.322	174	33	2	96	226	3	176	1.14e-52	176	249	463	53	53
g20088.t1	g18841.t1	39.640	222	109	7	1	211	572	779	1.65e-32	124	226	921	93	93
g20088.t1	g18370.t1	40.704	199	104	5	1	191	572	764	7.58e-31	119	226	2803	85	85
g20088.t1	g19939.t2	41.014	217	113	6	1	211	542	749	1.80e-30	118	226	788	93	93
g20088.t1	g19939.t1	41.014	217	113	6	1	211	542	749	5.91e-30	116	226	2729	93	93
g20089.t1	g9494.t2	86.527	334	44	1	201	534	253	585	0.0	580	534	585	77	63
g20089.t1	g9494.t2	93.590	78	5	0	25	102	169	246	4.51e-41	155	534	585	77	15
g20089.t1	g10990.t1	81.673	251	39	2	201	451	6	249	9.47e-143	410	534	249	47	47
g20089.t1	g9494.t1	90.233	215	21	0	320	534	1	215	9.63e-134	386	534	215	40	40
g20089.t1	g4244.t1	67.391	138	44	1	331	468	13	149	6.80e-62	200	534	168	26	26
g20089.t1	g635.t1	57.931	145	38	2	320	464	1	122	3.35e-48	166	534	235	27	27
g20089.t1	g13937.t1	80.000	70	14	0	201	270	10	79	1.23e-30	115	534	120	13	13
g20090.t1	g1662.t2	92.576	229	17	0	1	229	1	229	1.63e-156	445	229	560	100	100
g20090.t1	g1662.t3	92.576	229	17	0	1	229	1	229	3.24e-156	446	229	623	100	100
g20090.t1	g12812.t1	92.576	229	17	0	1	229	1	229	3.28e-156	446	229	608	100	100
g20090.t1	g18549.t1	91.703	229	19	0	1	229	1	229	3.66e-156	434	229	308	100	100
g20090.t1	g1662.t1	92.576	229	17	0	1	229	1	229	1.78e-155	446	229	653	100	100
g20090.t1	g14089.t1	92.140	229	18	0	1	229	1	229	1.33e-148	439	229	1053	100	100
g20090.t1	g14089.t2	92.140	229	18	0	1	229	1	229	2.19e-148	439	229	1051	100	100
g20090.t1	g14089.t3	92.140	229	18	0	1	229	1	229	3.61e-148	439	229	1088	100	100
g20090.t1	g1039.t1	32.735	223	148	2	8	229	3	224	5.04e-32	122	229	914	97	97
g20090.t1	g17484.t1	30.493	223	148	4	10	229	27	245	2.17e-27	109	229	1445	96	96
g20091.t1	g4375.t1	39.056	233	136	3	198	426	588	818	7.26e-52	186	427	847	54	54
g20091.t1	g11375.t1	35.714	238	142	5	196	422	576	813	4.25e-39	149	427	853	53	53
g20092.t1	g4374.t1	37.879	726	378	8	196	856	184	901	5.34e-160	490	864	905	77	77
g20092.t1	g12661.t1	34.438	543	290	6	1	478	1	542	3.28e-96	312	864	558	55	55
g20092.t1	g11376.t1	31.239	557	298	13	20	495	6	558	1.48e-76	259	864	571	55	55
g20092.t1	g4146.t1	84.259	108	17	0	579	686	1	108	6.87e-61	201	864	110	13	13
g20092.t1	g4147.t1	64.368	174	49	4	335	499	234	403	2.09e-56	202	864	504	19	19
g20092.t1	g9647.t1	41.629	221	126	1	628	848	1	218	2.77e-52	182	864	230	26	26
g20092.t1	g15629.t1	41.935	186	104	2	307	490	41	224	5.38e-36	139	864	326	21	21
g20092.t1	g4022.t1	43.421	152	84	1	307	458	85	234	1.40e-32	126	864	236	18	18
g20095.t1	g15143.t1	62.937	143	43	3	1	136	1	140	3.63e-48	159	310	205	44	44
g20095.t1	g13374.t1	53.731	134	49	3	185	310	235	363	8.19e-38	137	310	363	41	41
g20095.t1	g16432.t1	41.899	179	77	5	1	160	1	171	2.55e-37	130	310	171	52	52
g20095.t1	g1573.t1	43.503	177	87	4	1	166	1	175	3.44e-37	132	310	229	54	54
g20095.t1	g540.t1	41.848	184	70	5	1	160	1	171	3.47e-37	130	310	171	52	52
g20095.t1	g6806.t1	41.899	179	77	5	1	160	1	171	4.39e-37	130	310	171	52	52
g20095.t1	g11041.t1	43.275	171	84	5	1	160	1	169	2.03e-36	128	310	169	52	52
g20095.t1	g22903.t1	43.860	171	83	5	1	160	1	169	2.71e-36	128	310	169	52	52
g20095.t1	g14179.t1	43.275	171	84	5	1	160	1	169	3.49e-36	127	310	169	52	52
g20095.t1	g14747.t1	41.209	182	74	5	1	160	1	171	1.37e-35	126	310	171	52	52
g20095.t1	g16073.t1	51.261	119	45	3	200	310	1	114	9.10e-31	111	310	114	36	36
g20095.t1	g17941.t1	51.261	119	45	3	200	310	1	114	9.10e-31	111	310	114	36	36
g20095.t1	g14180.t1	51.261	119	45	3	200	310	1	114	9.10e-31	111	310	114	36	36
g20095.t1	g16431.t1	51.261	119	45	3	200	310	1	114	1.10e-30	111	310	114	36	36
g20095.t1	g22904.t1	51.261	119	45	3	200	310	1	114	1.10e-30	111	310	114	36	36
g20095.t1	g11042.t1	51.261	119	45	3	200	310	1	114	1.10e-30	111	310	114	36	36
g20095.t1	g539.t1	50.420	119	46	3	200	310	1	114	3.18e-30	110	310	114	36	36
g20095.t1	g6805.t1	49.541	109	42	3	210	310	21	124	6.80e-26	99.4	310	124	33	33
g20096.t1	g17889.t1	54.605	152	38	3	1	148	1	125	9.50e-46	147	176	175	84	84
g20097.t1	g17887.t1	89.516	124	13	0	1	124	1	124	3.05e-78	231	185	180	67	67
g20097.t1	g17647.t1	48.182	110	57	0	12	121	25	134	9.80e-28	105	185	338	59	59
g20098.t1	g17886.t1	80.838	334	64	0	1	334	1	334	0.0	527	334	334	100	100
g20098.t1	g10137.t1	40.785	331	154	6	19	331	19	325	7.91e-69	218	334	325	94	94
g20100.t1	g8761.t1	29.041	761	424	26	265	951	131	849	1.41e-77	273	1016	903	68	68
g20100.t1	g3168.t1	26.616	789	471	20	167	888	54	801	6.71e-70	250	1016	894	71	71
g20100.t1	g2483.t1	28.591	724	391	17	260	920	80	740	1.07e-68	244	1016	757	65	65
g20100.t1	g339.t1	28.591	738	399	33	352	1016	385	1067	1.35e-58	219	1016	1107	65	65
g20100.t1	g6204.t1	29.441	608	341	21	335	885	108	684	5.85e-58	214	1016	843	54	54
g20100.t1	g4456.t1	28.671	715	388	30	372	1016	3	665	3.26e-57	210	1016	705	63	63
g20100.t1	g19429.t1	28.237	641	374	19	304	887	11	622	1.06e-56	209	1016	721	57	57
g20100.t1	g12777.t1	28.235	595	358	15	338	878	21	600	3.26e-56	208	1016	766	53	53
g20100.t1	g5768.t1	31.635	471	253	16	352	759	89	553	3.53e-53	196	1016	598	40	40
g20100.t1	g1709.t1	26.617	665	411	17	304	906	12	661	9.00e-53	197	1016	731	59	59
g20100.t1	g19211.t1	27.994	643	369	21	366	939	1	618	4.43e-51	195	1016	1081	56	56
g20100.t1	g4899.t1	24.779	678	401	19	270	880	2	637	2.19e-49	188	1016	806	60	60
g20100.t1	g15135.t1	28.049	574	332	18	366	881	13	563	6.81e-48	182	1016	663	51	51
g20100.t1	g19597.t1	25.152	656	378	18	304	885	7	623	9.94e-46	176	1016	745	57	57
g20100.t1	g21011.t1	29.039	489	270	17	304	721	11	493	3.87e-45	170	1016	508	41	41
g20100.t1	g10912.t1	25.311	644	380	20	303	880	9	617	2.53e-42	165	1016	710	57	57
g20100.t1	g872.t1	29.837	429	234	11	260	651	80	478	2.06e-40	159	1016	712	39	39
g20100.t1	g641.t1	35.517	290	142	11	564	842	26	281	1.10e-35	140	1016	416	27	27
g20100.t1	g19075.t1	23.946	664	402	20	304	899	4	632	9.37e-31	130	1016	886	59	59
g20100.t1	g10350.t1	23.603	716	424	25	296	932	776	1447	3.68e-30	129	1016	1879	63	63
g20100.t1	g5969.t1	35.242	227	117	5	494	691	345	570	5.09e-26	115	1016	844	19	19
g20101.t1	g13170.t1	68.966	145	45	0	1	145	1455	1599	1.10e-62	207	159	1659	91	91
g20101.t1	g13170.t2	68.966	145	45	0	1	145	1454	1598	1.11e-62	207	159	1658	91	91
g20101.t1	g555.t3	38.462	143	88	0	1	143	1229	1371	8.70e-35	127	159	1432	90	90
g20101.t1	g555.t2	38.462	143	88	0	1	143	1189	1331	9.75e-35	127	159	1392	90	90
g20101.t1	g555.t1	38.462	143	88	0	1	143	1189	1331	9.75e-35	127	159	1392	90	90
g20101.t1	g557.t1	37.762	143	89	0	1	143	903	1045	4.16e-34	125	159	1106	90	90
g20101.t1	g554.t1	37.762	143	89	0	1	143	1437	1579	6.57e-34	125	159	1638	90	90
g20101.t1	g6620.t2	37.063	143	90	0	1	143	1299	1441	4.40e-33	122	159	1520	90	90
g20101.t1	g6620.t1	37.063	143	90	0	1	143	1313	1455	4.49e-33	122	159	1534	90	90
g20101.t1	g558.t1	37.063	143	90	0	1	143	1020	1162	1.37e-32	121	159	1223	90	90
g20101.t1	g1245.t1	36.364	143	91	0	1	143	575	717	1.34e-31	118	159	778	90	90
g20101.t1	g6541.t1	36.486	148	94	0	1	148	1302	1449	6.06e-30	114	159	1499	93	93
g20101.t1	g1246.t1	36.364	143	91	0	1	143	674	816	1.61e-29	112	159	877	90	90
g20101.t1	g12638.t2	42.857	112	64	0	1	112	1365	1476	3.43e-29	111	159	1561	70	70
g20101.t1	g12638.t1	42.857	112	64	0	1	112	1351	1462	3.56e-29	111	159	1547	70	70
g20101.t1	g6543.t1	40.179	112	67	0	1	112	851	962	9.61e-28	107	159	1048	70	70
g20101.t1	g12637.t1	51.136	88	43	0	1	88	1397	1484	1.00e-26	104	159	1596	55	55
g20103.t1	g15135.t1	65.625	224	70	1	66	282	322	545	2.80e-103	314	282	663	77	77
g20103.t1	g4899.t1	50.000	222	103	2	69	282	399	620	2.43e-71	234	282	806	76	76
g20103.t1	g19589.t1	37.727	220	129	3	69	281	369	587	1.33e-45	163	282	783	76	76
g20103.t1	g6204.t1	35.437	206	128	4	79	281	458	661	1.28e-31	123	282	843	72	72
g20104.t1	g1602.t1	35.311	354	163	7	1	330	1	312	4.48e-66	210	342	315	96	96
g20105.t1	g17798.t1	54.494	178	63	2	67	244	443	602	6.78e-60	198	245	603	73	73
g20106.t1	g17798.t1	68.778	442	135	3	1	439	1	442	0.0	631	439	603	100	100
g20106.t1	g3689.t1	47.166	441	225	4	1	437	1	437	2.36e-142	413	439	438	99	99
g20106.t1	g11267.t1	47.166	441	225	4	1	437	1	437	2.36e-142	413	439	438	99	99
g20106.t1	g5621.t2	42.778	360	165	7	55	410	119	441	2.61e-83	263	439	453	81	81
g20106.t1	g9495.t1	48.691	191	87	3	146	331	234	418	3.89e-54	186	439	424	42	42
g20107.t1	g17797.t1	62.100	219	57	2	1	199	1	213	3.15e-80	238	199	213	100	100
g20107.t1	g9495.t1	52.593	135	64	0	15	149	14	148	1.33e-39	139	199	424	68	68
g20107.t1	g3688.t1	38.974	195	101	6	9	199	16	196	1.24e-30	110	199	196	96	96
g20107.t1	g11268.t1	37.968	187	99	5	9	191	16	189	3.66e-28	104	199	190	92	92
g20108.t1	g3687.t1	38.374	529	238	11	1	515	7	461	9.56e-101	324	850	584	61	61
g20108.t1	g11269.t1	55.507	227	101	0	289	515	179	405	1.49e-78	263	850	528	27	27
g20108.t1	g17796.t1	54.054	185	80	3	614	798	78	257	1.70e-57	197	850	260	22	22
g20110.t1	g9498.t1	63.839	224	60	3	8	213	4	224	2.77e-103	297	214	225	96	96
g20110.t1	g3686.t1	74.375	160	41	0	41	200	1	160	8.16e-93	268	214	171	75	75
g20110.t1	g11270.t1	74.375	160	41	0	41	200	1	160	8.16e-93	268	214	171	75	75
g20114.t1	g9664.t1	54.545	165	28	3	1	153	1	130	3.48e-47	152	190	176	81	81
g2644.t1	g863.t2	39.907	431	233	10	277	703	148	556	1.58e-87	299	1542	627	28	28
g2644.t1	g863.t1	39.907	431	233	10	277	703	165	573	1.81e-87	299	1542	644	28	28
g2644.t1	g22442.t1	87.719	114	9	1	1	114	1	109	1.38e-50	174	1542	113	7	7
g2644.t1	g21179.t1	27.937	383	244	14	334	698	288	656	1.16e-27	120	1542	725	24	24
g9061.t1	g22786.t1	53.288	441	196	4	1	439	1	433	2.00e-164	470	443	445	99	99
g9061.t1	g21658.t1	53.691	447	199	4	1	440	303	748	1.17e-158	466	443	762	99	99
g9061.t1	g12203.t1	37.619	420	246	8	5	417	59	469	6.21e-81	258	443	492	93	93
g9061.t1	g8288.t1	34.298	449	260	7	9	430	274	714	1.08e-78	258	443	724	95	95
g9061.t1	g17900.t1	34.505	455	262	8	4	430	267	713	9.31e-78	255	443	723	96	96
g9061.t1	g12681.t1	33.406	461	266	11	9	437	893	1344	4.29e-66	229	443	1351	97	97
g9061.t1	g1229.t1	29.605	456	273	6	4	419	228	675	6.91e-62	212	443	695	94	94
g9061.t1	g22266.t1	31.313	396	235	6	20	406	225	592	3.28e-52	184	443	613	87	87
g9061.t1	g4541.t1	29.358	436	264	15	2	405	207	630	2.94e-49	177	443	648	91	91
g9061.t1	g352.t1	29.808	416	264	7	7	410	293	692	1.72e-47	173	443	708	91	91
g9061.t1	g353.t1	28.293	410	275	6	5	405	287	686	7.28e-47	171	443	709	91	91
g9061.t1	g354.t1	28.049	410	276	6	5	405	287	686	1.30e-46	171	443	709	91	91
g9061.t1	g5862.t1	28.922	408	269	7	6	405	351	745	5.72e-46	169	443	778	90	90
g9061.t1	g4663.t1	27.650	434	283	11	5	413	202	629	3.80e-45	166	443	652	92	92
g9061.t1	g17863.t1	34.364	291	169	5	10	292	234	510	7.67e-44	161	443	561	64	64
g9061.t1	g15523.t1	27.737	411	269	7	4	405	270	661	4.26e-43	160	443	681	91	91
g9061.t1	g15522.t1	27.494	411	270	7	4	405	270	661	1.55e-42	159	443	681	91	91
g9061.t1	g10577.t1	39.706	204	114	5	35	237	2	197	5.79e-42	147	443	197	46	46
g9061.t1	g19665.t1	27.644	416	284	9	4	416	263	664	3.25e-41	155	443	676	93	93
g9061.t1	g15828.t1	28.293	410	265	12	3	389	208	611	1.71e-40	153	443	662	87	87
g9061.t1	g3323.t1	27.273	418	272	12	5	401	204	610	9.09e-40	150	443	630	90	90
g9061.t1	g5691.t1	33.559	295	179	9	4	292	282	565	1.23e-39	149	443	578	65	65
g9061.t1	g18726.t1	28.079	406	264	12	4	387	193	592	8.04e-38	145	443	631	87	87
g9061.t1	g952.t1	26.076	395	272	9	3	389	59	441	1.88e-37	142	443	478	87	87
g9061.t1	g1632.t1	25.187	401	277	8	8	389	171	567	9.97e-37	141	443	601	86	86
g9061.t1	g7473.t1	24.944	445	300	10	4	421	223	660	2.95e-36	140	443	667	94	94
g9061.t1	g23194.t1	26.087	391	263	10	19	389	228	612	3.36e-36	140	443	649	84	84
g9061.t1	g17344.t1	25.116	430	284	10	2	412	424	834	3.92e-36	141	443	852	93	93
g9061.t1	g17140.t1	38.835	206	119	4	20	224	202	401	4.22e-36	137	443	404	46	46
g9061.t1	g5747.t1	25.967	362	246	8	46	389	6	363	5.87e-36	136	443	398	78	78
g9061.t1	g15118.t1	35.065	231	143	4	1	226	89	317	5.92e-36	135	443	331	51	51
g9061.t1	g19664.t1	26.995	426	279	13	5	416	263	670	2.61e-35	138	443	681	93	93
g9061.t1	g950.t1	27.013	385	256	11	21	387	228	605	3.81e-35	137	443	644	83	83
g9061.t1	g949.t1	26.410	390	257	13	22	389	115	496	7.12e-35	135	443	533	83	83
g9061.t1	g18377.t1	26.371	383	252	12	32	405	235	596	3.72e-34	135	443	693	84	84
g9061.t1	g23195.t1	26.289	388	256	13	22	387	229	608	3.76e-34	134	443	647	83	83
g9061.t1	g15221.t1	27.423	423	264	12	11	406	446	852	6.63e-33	131	443	884	89	89
g9061.t1	g13969.t1	25.000	384	254	9	48	412	4	372	9.79e-33	127	443	390	82	82
g9061.t1	g20184.t1	26.932	427	263	13	11	406	448	856	2.35e-32	130	443	888	89	89
g9061.t1	g12793.t1	31.064	235	155	4	2	230	209	442	3.01e-32	127	443	465	52	52
g9061.t1	g23193.t1	27.249	389	255	14	22	389	215	596	4.74e-32	128	443	633	83	83
g9061.t1	g23374.t1	32.710	214	135	4	18	226	221	430	4.53e-31	124	443	458	47	47
g9061.t1	g19663.t1	25.829	422	286	12	7	416	268	674	8.48e-30	122	443	685	93	93
g9061.t1	g21266.t1	25.799	407	267	13	14	405	222	608	5.08e-29	120	443	802	88	88
g9061.t1	g870.t1	25.296	423	268	15	2	405	227	620	3.02e-28	117	443	657	91	91
g9061.t1	g1947.t1	27.526	287	191	6	2	288	326	595	1.09e-27	115	443	607	65	65
g9062.t1	g4663.t1	90.643	342	32	0	1	342	1	342	0.0	643	342	652	100	100
g9062.t1	g15118.t1	74.249	233	60	0	110	342	1	233	6.52e-125	361	342	331	68	68
g9062.t1	g3323.t1	50.000	344	165	4	2	341	1	341	4.18e-111	336	342	630	99	99
g9062.t1	g1632.t1	51.613	310	145	4	37	342	1	309	4.40e-106	322	342	601	89	89
g9062.t1	g23195.t1	47.110	346	174	7	4	341	9	353	4.42e-101	311	342	647	99	99
g9062.t1	g12793.t1	46.629	356	172	8	1	341	1	353	1.53e-100	304	342	465	99	99
g9062.t1	g15828.t1	44.767	344	182	5	6	341	7	350	1.22e-97	302	342	662	98	98
g9062.t1	g4541.t1	45.665	346	171	7	7	341	13	352	1.92e-96	299	342	648	98	98
g9062.t1	g23194.t1	44.699	349	184	7	1	341	8	355	7.61e-95	295	342	649	99	99
g9062.t1	g950.t1	44.798	346	182	7	4	341	9	353	2.65e-94	293	342	644	99	99
g9062.t1	g23193.t1	45.428	339	177	6	10	341	1	338	4.72e-93	290	342	633	97	97
g9062.t1	g18726.t1	43.731	327	176	6	22	341	12	337	1.28e-92	288	342	631	94	94
g9062.t1	g949.t1	51.542	227	105	4	119	341	14	239	1.26e-75	241	342	533	65	65
g9062.t1	g952.t1	48.058	206	96	4	143	341	1	202	2.47e-57	192	342	478	58	58
g9062.t1	g17900.t1	35.185	324	185	8	20	339	103	405	7.92e-57	196	342	723	94	94
g9062.t1	g5862.t1	36.474	329	190	6	20	341	166	482	1.14e-56	196	342	778	94	94
g9062.t1	g354.t1	34.911	338	195	9	15	342	102	424	7.31e-54	187	342	709	96	96
g9062.t1	g8288.t1	35.185	324	190	8	18	339	101	406	1.20e-53	187	342	724	94	94
g9062.t1	g353.t1	35.119	336	197	8	15	342	102	424	7.08e-53	185	342	709	96	96
g9062.t1	g7473.t1	33.523	352	212	9	8	341	14	361	1.06e-52	184	342	667	98	98
g9062.t1	g12681.t1	35.385	325	191	7	20	341	722	1030	2.01e-51	183	342	1351	94	94
g9062.t1	g17863.t1	32.792	308	190	6	33	339	74	365	2.65e-51	178	342	561	90	90
g9062.t1	g5691.t1	33.540	322	194	6	21	337	114	420	2.96e-51	178	342	578	93	93
g9062.t1	g21658.t1	33.028	327	194	5	27	341	134	447	1.14e-50	179	342	762	92	92
g9062.t1	g352.t1	33.841	328	201	7	15	340	114	427	2.07e-49	175	342	708	95	95
g9062.t1	g15523.t1	34.251	327	188	8	27	342	98	408	3.86e-49	174	342	681	92	92
g9062.t1	g1229.t1	31.310	313	200	4	27	339	68	365	4.71e-49	174	342	695	92	92
g9062.t1	g15522.t1	33.028	327	192	7	27	342	98	408	8.09e-48	171	342	681	92	92
g9062.t1	g19663.t1	34.104	346	197	9	12	341	76	406	1.42e-47	170	342	685	96	96
g9062.t1	g17140.t1	30.409	342	160	6	22	342	41	325	4.53e-47	164	342	404	94	94
g9062.t1	g3905.t1	30.982	326	193	8	23	338	25	328	8.21e-46	161	342	430	92	92
g9062.t1	g19664.t1	31.965	341	193	11	20	342	83	402	7.31e-44	159	342	681	94	94
g9062.t1	g1947.t1	33.232	328	178	11	24	341	165	461	1.45e-41	152	342	607	93	93
g9062.t1	g19665.t1	31.928	332	200	7	20	339	85	402	4.38e-41	152	342	676	94	94
g9062.t1	g17344.t1	32.812	320	190	7	24	341	263	559	6.66e-41	152	342	852	93	93
g9062.t1	g14077.t1	30.994	342	189	10	18	341	20	332	4.99e-40	145	342	418	95	95
g9062.t1	g21266.t1	30.931	333	189	9	24	342	47	352	1.33e-39	148	342	802	93	93
g9062.t1	g15221.t1	32.822	326	181	9	23	339	280	576	2.51e-39	147	342	884	93	93
g9062.t1	g18693.t1	32.121	330	189	10	24	342	47	352	1.22e-38	145	342	667	93	93
g9062.t1	g19662.t1	32.036	334	177	9	22	341	86	383	1.39e-38	144	342	634	94	94
g9062.t1	g12209.t1	29.814	322	195	8	24	335	26	326	2.53e-38	142	342	501	91	91
g9062.t1	g20184.t1	32.407	324	190	8	23	341	281	580	3.07e-38	144	342	888	93	93
g9062.t1	g12207.t1	28.746	327	201	8	23	339	54	358	1.17e-37	140	342	465	93	93
g9062.t1	g18377.t1	30.435	322	201	7	25	339	37	342	2.00e-37	141	342	693	92	92
g9062.t1	g870.t1	31.481	324	188	9	27	341	69	367	5.97e-37	140	342	657	92	92
g9062.t1	g10906.t1	32.308	325	184	10	27	341	69	367	1.20e-36	140	342	934	92	92
g9062.t1	g23374.t1	30.218	321	196	10	27	341	48	346	1.83e-36	136	342	458	92	92
g9062.t1	g12210.t1	29.085	306	187	8	43	339	2	286	3.86e-36	134	342	387	87	87
g9062.t1	g14307.t1	31.366	322	187	10	27	339	46	342	3.95e-35	134	342	614	92	92
g9062.t1	g12489.t1	30.159	315	182	9	33	339	233	517	8.16e-34	131	342	739	90	90
g9062.t1	g22266.t1	29.141	326	185	9	22	342	43	327	6.02e-33	128	342	613	94	94
g9062.t1	g12203.t1	36.723	177	107	3	169	342	23	197	3.80e-32	125	342	492	51	51
g9062.t1	g10577.t1	47.321	112	57	1	231	342	1	110	3.82e-30	113	342	197	33	33
g9062.t1	g14735.t1	31.624	234	135	5	78	302	1	218	1.89e-29	118	342	535	66	66
g9062.t1	g2461.t1	27.554	323	203	11	21	339	103	398	8.18e-29	116	342	661	93	93
g9062.t1	g5747.t1	51.887	106	49	2	238	341	1	106	2.91e-27	110	342	398	30	30
g9062.t1	g22786.t1	36.879	141	88	1	202	341	5	145	9.21e-27	109	342	445	41	41
g9063.t1	g4664.t1	99.020	102	1	0	9	110	532	633	1.08e-66	211	110	633	93	93
g5582.t1	g12687.t1	75.676	222	54	0	1	222	1	222	5.54e-118	356	223	910	99	99
g5582.t1	g11465.t1	47.964	221	105	2	11	221	10	230	5.07e-64	198	223	238	95	95
g5582.t1	g11470.t1	45.701	221	119	1	1	221	1	220	3.36e-63	208	223	722	99	99
g5582.t1	g11472.t1	45.495	222	118	3	1	221	1	220	7.37e-59	199	223	1234	99	99
g5582.t1	g11466.t1	45.238	210	113	2	13	221	4	212	3.45e-54	186	223	1599	94	94
g5582.t1	g12687.t2	82.353	102	18	0	1	102	1	102	9.45e-54	184	223	854	46	46
g5582.t1	g5431.t1	40.845	213	122	2	12	222	7	217	1.59e-50	163	223	230	95	95
g5582.t1	g23545.t1	38.222	225	132	3	1	222	1	221	2.34e-50	165	223	288	99	99
g5582.t1	g11463.t1	41.096	219	117	4	9	221	8	220	2.59e-46	163	223	1752	96	96
g5582.t1	g18526.t1	40.000	220	126	4	5	221	1	217	3.68e-45	160	223	1169	97	97
g5582.t1	g11471.t1	40.476	210	123	2	13	221	12	220	2.67e-44	157	223	1228	94	94
g5582.t1	g5429.t1	39.336	211	124	2	13	221	12	220	1.70e-43	145	223	225	94	94
g5582.t1	g12389.t1	39.252	214	119	6	12	220	4	211	2.10e-41	149	223	947	94	94
g5582.t1	g12390.t1	39.810	211	122	3	13	220	8	216	1.38e-40	147	223	1664	93	93
g5582.t1	g9629.t1	37.727	220	120	5	13	220	33	247	6.75e-35	130	223	2388	93	93
g5582.t1	g5125.t1	34.978	223	134	4	9	222	150	370	7.30e-34	127	223	2548	96	96
g5582.t1	g5125.t2	34.978	223	134	4	9	222	150	370	7.66e-34	127	223	2562	96	96
g5582.t1	g9394.t1	37.838	222	120	6	13	222	15	230	3.75e-32	122	223	1245	94	94
g5582.t1	g19257.t1	35.385	195	108	3	13	200	23	206	1.37e-31	121	223	2330	84	84
g5582.t1	g11468.t1	36.036	222	83	5	1	221	1	164	9.60e-30	115	223	603	99	99
g5582.t1	g17722.t1	34.272	213	126	5	13	220	7	210	1.27e-28	112	223	1873	93	93
g19061.t1	g9417.t1	91.525	354	30	0	1	354	650	1003	0.0	631	354	1003	100	100
g19061.t1	g9419.t1	91.525	354	30	0	1	354	650	1003	0.0	631	354	1006	100	100
g19061.t1	g21506.t1	91.445	339	29	0	1	339	568	906	0.0	600	354	921	96	96
g19061.t1	g5029.t1	68.072	332	106	0	3	334	573	904	1.82e-151	452	354	1058	94	94
g19189.t1	g17584.t1	53.444	842	308	17	1	797	686	1488	0.0	820	806	1500	99	99
g19189.t1	g5177.t1	52.399	813	283	16	1	797	513	1237	0.0	768	806	1249	99	99
g19189.t1	g23427.t1	45.950	642	284	18	8	629	697	1295	1.88e-155	486	806	1295	77	77
g19189.t1	g3613.t1	55.402	361	147	4	418	769	24	379	1.11e-126	388	806	501	44	44
g19189.t1	g18018.t1	30.349	860	510	20	1	798	1	833	7.66e-115	367	806	833	99	99
g19189.t1	g3098.t1	50.198	253	125	1	555	806	113	365	1.60e-80	263	806	367	31	31
g19189.t1	g5613.t1	49.802	253	126	1	555	806	596	848	1.20e-77	268	806	850	84	31
g19189.t1	g5613.t1	29.651	516	262	20	1	423	1	508	6.56e-45	173	806	850	84	52
g19189.t1	g14293.t1	49.407	253	127	1	555	806	631	883	1.22e-75	263	806	885	84	31
g19189.t1	g14293.t1	28.364	550	260	18	1	423	1	543	1.32e-43	169	806	885	84	52
g19189.t1	g8480.t1	43.000	300	114	5	71	341	2	273	6.87e-64	214	806	273	34	34
g19189.t1	g328.t1	50.195	257	105	7	373	617	64	309	3.62e-60	206	806	326	30	30
g19189.t1	g23426.t1	75.676	111	27	0	687	797	1	111	4.09e-53	179	806	123	14	14
g19189.t1	g8482.t1	50.000	146	26	1	645	790	1	99	1.56e-37	135	806	99	18	18
g19189.t1	g17418.t1	82.353	68	12	0	730	797	21	88	1.85e-31	118	806	100	8	8
g19189.t1	g2587.t1	45.570	158	53	7	276	401	2	158	5.71e-30	116	806	167	16	16
g19190.t1	g14315.t1	60.340	706	156	17	1	599	1	689	0.0	760	599	689	100	100
g19190.t1	g23427.t1	59.584	673	148	17	32	597	1	656	0.0	713	599	1295	94	94
g19190.t1	g17584.t1	59.733	673	147	17	32	597	1	656	0.0	712	599	1500	94	94
g19190.t1	g5177.t1	63.430	484	82	12	193	597	16	483	0.0	557	599	1249	68	68
g19190.t1	g16666.t1	80.488	287	36	1	333	599	454	740	3.56e-157	468	599	740	100	45
g19190.t1	g16666.t1	62.707	362	96	8	1	334	1	351	1.29e-138	420	599	740	100	56
g19190.t1	g6845.t1	44.318	528	184	8	88	535	16	513	3.68e-124	377	599	564	75	75
g19190.t1	g624.t1	57.618	361	68	9	306	599	1	343	8.90e-118	353	599	343	49	49
g19190.t1	g14294.t1	63.481	293	89	5	282	561	214	501	1.74e-114	350	599	508	49	47
g19190.t1	g14294.t1	80.303	66	13	0	269	334	103	168	3.25e-30	124	599	508	49	11
g19190.t1	g11119.t1	54.030	335	109	8	306	599	1	331	1.12e-109	332	599	331	49	49
g19190.t1	g5612.t1	63.436	227	49	1	335	561	86	278	1.06e-90	281	599	285	38	38
g19190.t1	g12961.t1	51.839	299	105	7	306	580	1	284	4.24e-86	279	599	577	46	46
g19190.t1	g9410.t1	52.318	302	98	7	1	299	1	259	1.20e-80	254	599	261	50	50
g19190.t1	g18256.t1	59.701	201	63	4	399	583	270	468	1.14e-66	228	599	606	31	31
g19190.t1	g4422.t1	61.458	192	58	4	399	575	266	456	5.86e-66	224	599	535	30	30
g19190.t1	g20870.t1	57.895	209	69	4	391	583	35	240	1.14e-65	228	599	733	32	32
g19190.t1	g20814.t1	54.321	162	54	5	455	599	1	159	8.85e-44	153	599	159	24	24
g19190.t1	g9409.t1	92.063	63	5	0	272	334	4	66	3.66e-34	124	599	80	11	11
g19190.t1	g18019.t1	52.667	150	53	4	466	599	295	442	9.39e-34	133	599	442	22	22
g16323.t1	g2606.t1	80.153	131	24	2	114	243	84	213	8.77e-67	218	243	687	98	53
g16323.t1	g2606.t1	76.296	135	26	3	7	136	311	444	1.98e-59	198	243	687	98	53
g16323.t1	g10769.t1	65.217	115	39	1	7	120	293	407	1.11e-41	150	243	804	95	47
g16323.t1	g10769.t1	60.656	122	42	2	124	239	73	194	5.37e-41	149	243	804	95	48
g16323.t1	g15044.t2	61.062	113	43	1	7	118	296	408	1.02e-37	138	243	593	93	46
g16323.t1	g15044.t2	53.333	120	51	2	125	239	78	197	1.48e-28	112	243	593	93	47
g16323.t1	g15044.t1	61.062	113	43	1	7	118	322	434	1.55e-37	138	243	619	93	46
g16323.t1	g15044.t1	53.333	120	51	2	125	239	104	223	1.15e-28	113	243	619	93	47
g16324.t1	g2606.t1	62.069	203	29	4	5	160	243	444	7.23e-68	222	267	687	99	58
g16324.t1	g2606.t1	80.153	131	24	2	138	267	84	213	1.71e-66	218	267	687	99	49
g16324.t1	g10769.t1	64.103	117	41	1	29	144	291	407	4.65e-42	152	267	804	87	43
g16324.t1	g10769.t1	60.656	122	42	2	148	263	73	194	9.41e-41	149	267	804	87	43
g16324.t1	g15044.t2	52.143	140	65	2	5	142	269	408	3.26e-38	140	267	593	95	52
g16324.t1	g15044.t2	52.893	121	52	2	148	263	77	197	2.19e-28	113	267	593	95	43
g16324.t1	g15044.t1	52.143	140	65	2	5	142	295	434	4.88e-38	140	267	619	95	52
g16324.t1	g15044.t1	52.893	121	52	2	148	263	103	223	2.13e-28	113	267	619	95	43
g818.t1	g23033.t1	33.645	214	128	6	146	350	56	264	1.36e-29	114	356	281	58	58
g819.t1	g3208.t1	44.218	147	82	0	1	147	23	169	4.92e-36	136	366	506	40	40
g819.t1	g3938.t1	44.218	147	82	0	1	147	23	169	4.94e-36	137	366	569	40	40
g819.t1	g22189.t1	34.694	147	96	0	1	147	68	214	2.61e-30	118	366	339	40	40
g819.t1	g15617.t1	34.694	147	96	0	1	147	68	214	3.79e-30	119	366	394	40	40
g819.t1	g4377.t1	34.694	147	96	0	1	147	68	214	6.94e-29	117	366	529	40	40
g819.t1	g11789.t1	34.694	147	96	0	1	147	68	214	7.35e-29	117	366	529	40	40
g819.t1	g18119.t1	32.787	183	120	3	1	182	41	221	8.17e-29	116	366	484	50	50
g819.t1	g1653.t1	34.694	147	96	0	1	147	68	214	8.82e-29	117	366	578	40	40
g819.t1	g5114.t1	34.694	147	96	0	1	147	68	214	1.22e-28	117	366	682	40	40
g819.t1	g16669.t1	32.536	209	125	4	1	208	798	991	2.37e-28	116	366	1695	57	57
g819.t1	g17478.t1	34.694	147	96	0	1	147	68	214	2.62e-28	116	366	1062	40	40
g819.t1	g10435.t1	34.694	147	96	0	1	147	68	214	2.99e-28	115	366	804	40	40
g819.t1	g9400.t1	33.333	186	121	3	1	185	54	237	4.25e-28	115	366	704	51	51
g819.t1	g11345.t1	40.870	115	68	0	1	115	323	437	5.66e-28	113	366	444	31	31
g819.t1	g4327.t1	32.796	186	122	3	1	185	158	341	2.48e-27	112	366	608	51	51
g819.t1	g8817.t1	34.014	147	97	0	1	147	68	214	2.87e-27	111	366	471	40	40
g819.t1	g20074.t1	29.327	208	115	3	1	208	83	258	6.60e-27	109	366	356	57	57
g819.t1	g9341.t1	30.811	185	123	3	1	182	78	260	4.67e-26	106	366	342	50	50
g819.t1	g10562.t1	30.481	187	125	3	1	184	78	262	8.94e-26	105	366	350	50	50
g819.t1	g1796.t1	30.811	185	123	3	1	182	78	260	9.61e-26	107	366	495	50	50
g820.t1	g13771.t1	33.962	371	211	6	188	544	279	629	8.55e-56	202	667	788	54	54
g820.t1	g23446.t1	30.321	343	221	5	222	558	184	514	1.12e-48	180	667	641	51	51
g820.t1	g6908.t1	28.074	488	312	10	147	625	163	620	9.96e-48	178	667	658	72	72
g820.t1	g22275.t1	28.279	488	311	10	147	625	163	620	2.29e-47	177	667	658	72	72
g820.t1	g13389.t1	33.690	374	211	12	320	667	283	645	2.79e-44	168	667	645	52	52
g820.t1	g841.t1	29.394	330	230	2	234	562	242	569	5.58e-43	165	667	753	49	49
g820.t1	g8818.t1	31.356	354	204	10	220	550	261	598	5.65e-43	165	667	755	50	50
g820.t1	g505.t1	49.032	155	79	0	380	534	392	546	7.04e-43	162	667	549	23	23
g820.t1	g4376.t1	30.504	377	214	11	220	574	122	472	9.54e-43	163	667	617	53	53
g820.t1	g5113.t1	30.504	377	214	11	220	574	261	611	1.46e-42	164	667	756	53	53
g820.t1	g15616.t1	30.709	381	216	11	216	574	257	611	1.46e-42	164	667	756	54	54
g820.t1	g10436.t1	30.504	377	214	11	220	574	261	611	1.74e-42	164	667	756	53	53
g820.t1	g19496.t1	30.504	377	214	11	220	574	261	611	1.93e-42	164	667	756	53	53
g820.t1	g18547.t1	38.220	191	106	2	372	558	1	183	2.65e-42	155	667	310	28	28
g820.t1	g22188.t1	30.504	377	214	11	220	574	261	611	2.71e-42	163	667	770	53	53
g820.t1	g2349.t1	28.352	455	270	14	214	634	230	662	3.38e-41	159	667	693	63	63
g820.t1	g1795.t1	27.594	453	283	13	181	598	194	636	4.06e-41	159	667	696	63	63
g820.t1	g23516.t1	28.469	418	256	12	214	598	229	636	8.42e-41	158	667	696	58	58
g820.t1	g15054.t1	28.469	418	256	12	214	598	230	637	1.06e-40	158	667	697	58	58
g820.t1	g9880.t1	30.149	335	216	8	214	540	230	554	1.65e-40	157	667	697	49	49
g820.t1	g18361.t1	28.571	371	245	9	180	540	194	554	2.00e-40	157	667	676	54	54
g820.t1	g8855.t1	28.307	378	251	9	173	540	186	553	2.56e-40	157	667	691	55	55
g820.t1	g10561.t1	28.032	371	247	9	180	540	194	554	3.89e-40	156	667	669	54	54
g820.t1	g10561.t2	28.032	371	247	9	180	540	194	554	4.99e-40	156	667	697	54	54
g820.t1	g17227.t1	30.149	335	216	8	214	540	230	554	5.04e-40	156	667	697	49	49
g820.t1	g20298.t1	28.649	370	244	9	181	540	196	555	5.62e-40	155	667	698	54	54
g820.t1	g17476.t1	31.157	337	195	10	220	534	261	582	2.29e-39	153	667	627	47	47
g820.t1	g15961.t1	28.032	371	247	8	180	540	153	513	3.12e-39	153	667	656	54	54
g820.t1	g11345.t1	36.979	192	120	1	372	562	1	192	6.02e-36	140	667	444	29	29
g820.t1	g3209.t1	29.261	352	220	7	221	558	299	635	3.44e-33	135	667	760	51	51
g820.t1	g8136.t1	28.986	345	202	6	221	558	299	607	1.31e-32	134	667	732	51	51
g820.t1	g3937.t1	28.693	352	222	7	221	558	299	635	1.91e-32	133	667	760	51	51
g820.t1	g18938.t1	40.361	166	97	1	367	530	124	289	2.18e-31	124	667	316	25	25
g820.t1	g3138.t2	32.103	271	165	6	306	569	279	537	4.92e-31	128	667	593	40	40
g820.t1	g10075.t1	34.682	173	109	1	325	497	53	221	5.67e-30	117	667	226	26	26
g820.t1	g15662.t1	39.759	166	98	1	367	530	609	774	2.22e-29	124	667	801	25	25
g820.t1	g9401.t1	23.557	433	286	10	213	616	321	737	7.75e-28	119	667	787	61	61
g820.t1	g390.t1	30.622	209	139	2	378	580	473	681	4.67e-26	113	667	784	30	30
g820.t1	g20073.t1	21.577	482	324	13	212	667	323	776	6.60e-26	113	667	776	68	68
g12159.t1	g15410.t1	36.152	343	199	10	23	350	27	364	2.27e-62	207	360	508	91	91
g12159.t1	g15908.t1	34.985	343	206	8	23	350	27	367	1.07e-58	202	360	772	91	91
g12159.t1	g22880.t1	42.958	142	77	2	208	348	23	161	3.60e-35	127	360	200	39	39
g12160.t1	g9718.t1	88.991	109	11	1	60	167	1	109	1.01e-61	192	347	109	31	31
g12160.t1	g15908.t1	31.229	301	184	9	1	295	451	734	3.40e-34	132	347	772	85	85
g9550.t1	g9534.t1	88.106	227	27	0	1	227	295	521	4.67e-144	412	228	522	99	99
g9550.t1	g9532.t1	69.369	222	64	2	7	228	304	521	1.40e-105	314	228	521	97	97
g9550.t1	g9531.t1	47.479	238	105	4	3	224	317	550	3.11e-61	200	228	553	97	97
g9550.t1	g9537.t1	47.059	221	113	2	8	224	355	575	5.16e-60	197	228	578	95	95
g9550.t1	g9529.t1	42.222	225	125	2	1	224	322	542	3.15e-53	179	228	545	98	98
g9550.t1	g9536.t1	43.750	208	104	5	2	204	322	521	8.16e-43	151	228	531	89	89
g9550.t1	g14345.t1	36.245	229	131	3	4	224	316	537	2.10e-42	150	228	540	97	97
g9550.t1	g9533.t1	41.262	206	107	6	10	211	330	525	8.03e-40	143	228	543	89	89
g9550.t1	g14347.t1	37.745	204	110	4	4	198	317	512	6.56e-37	135	228	515	86	86
g9550.t1	g9530.t1	46.377	138	66	2	89	224	4	135	7.34e-37	125	228	138	60	60
g9550.t1	g14346.t1	32.287	223	134	6	4	218	338	551	6.51e-28	110	228	555	94	94
g9550.t1	g5837.t1	34.826	201	116	4	10	207	324	512	7.90e-26	104	228	751	87	87
g9551.t1	g9537.t1	66.548	562	162	8	1	544	25	578	0.0	703	544	578	100	100
g9551.t1	g9531.t1	55.856	555	221	5	2	544	11	553	0.0	599	544	553	99	99
g9551.t1	g9532.t1	47.426	544	251	7	2	543	10	520	1.51e-167	484	544	521	99	99
g9551.t1	g9534.t1	45.688	545	255	11	2	541	10	518	1.13e-154	452	544	522	99	99
g9551.t1	g9536.t1	45.588	544	253	11	2	528	11	528	3.65e-145	428	544	531	97	97
g9551.t1	g9529.t1	41.682	547	303	5	2	544	11	545	1.05e-144	427	544	545	99	99
g9551.t1	g9533.t1	46.396	541	254	15	2	527	11	530	5.13e-140	415	544	543	97	97
g9551.t1	g9535.t1	49.573	351	162	5	2	348	11	350	4.14e-111	336	544	404	64	64
g9551.t1	g14345.t1	34.657	554	324	11	3	544	13	540	9.47e-108	332	544	540	99	99
g9551.t1	g14347.t1	33.840	526	305	15	3	513	13	510	7.44e-80	259	544	515	94	94
g9551.t1	g14346.t1	33.266	496	285	16	2	474	30	502	2.73e-72	240	544	555	87	87
g9551.t1	g9534.t2	46.360	261	115	5	2	262	10	245	3.60e-69	222	544	247	48	48
g9551.t1	g7299.t1	26.542	535	346	13	3	521	14	517	2.15e-54	196	544	750	95	95
g9551.t1	g5838.t1	27.542	541	351	15	3	533	4	513	2.23e-53	191	544	668	98	98
g9551.t1	g7300.t2	25.933	509	342	13	3	496	14	502	1.29e-49	182	544	755	91	91
g9551.t1	g5839.t1	28.868	530	321	20	3	516	15	504	1.89e-48	175	544	507	94	94
g9551.t1	g5882.t1	26.630	552	358	13	3	540	16	534	2.16e-48	178	544	731	99	99
g9551.t1	g9083.t1	26.522	460	307	10	54	498	60	503	2.92e-48	177	544	672	82	82
g9551.t1	g18582.t1	29.202	476	303	16	9	469	23	479	5.31e-47	172	544	567	85	85
g9551.t1	g5887.t1	29.193	483	299	13	3	471	18	471	6.60e-47	174	544	721	86	86
g9551.t1	g12943.t1	27.928	555	346	20	3	521	6	542	6.41e-46	171	544	713	95	95
g9551.t1	g7297.t1	27.015	459	302	11	91	542	101	533	6.99e-46	171	544	714	83	83
g9551.t1	g18388.t1	24.864	551	367	12	6	539	17	537	8.39e-46	171	544	728	98	98
g9551.t1	g18384.t1	25.176	568	370	15	3	542	13	553	3.89e-45	169	544	734	99	99
g9551.t1	g5867.t1	26.616	526	335	14	3	507	15	510	1.73e-44	167	544	779	93	93
g9551.t1	g5834.t1	28.092	477	314	14	3	471	8	463	5.32e-44	166	544	738	86	86
g9551.t1	g5868.t1	25.819	519	343	15	3	507	14	504	5.62e-44	166	544	716	93	93
g9551.t1	g18383.t1	25.365	548	353	15	3	539	10	512	1.72e-43	164	544	686	99	99
g9551.t1	g6207.t1	28.381	451	284	15	59	501	58	477	1.74e-43	165	544	797	81	81
g9551.t1	g2159.t1	26.230	549	342	16	9	528	15	529	2.58e-43	163	544	695	96	96
g9551.t1	g7298.t1	25.621	523	337	13	1	507	6	492	3.35e-43	164	544	747	93	93
g9551.t1	g5889.t1	25.996	527	361	10	5	521	35	542	3.62e-43	163	544	738	95	95
g9551.t1	g11458.t1	26.380	489	303	15	3	469	15	468	4.72e-43	162	544	690	86	86
g9551.t1	g13825.t1	26.580	538	355	13	9	526	15	532	1.24e-42	161	544	653	95	95
g9551.t1	g2399.t1	25.828	453	292	10	57	500	58	475	4.91e-42	159	544	647	82	82
g9551.t1	g13741.t1	27.336	428	281	10	56	472	61	469	1.93e-41	157	544	653	77	77
g9551.t1	g5833.t1	27.586	464	302	14	65	519	72	510	3.23e-41	158	544	742	84	84
g9551.t1	g5840.t1	26.040	553	361	19	3	532	15	542	5.12e-41	156	544	639	97	97
g9551.t1	g5842.t1	24.382	566	367	16	3	541	15	546	7.76e-41	156	544	721	99	99
g9551.t1	g18379.t1	26.534	554	341	19	3	540	10	513	2.48e-40	155	544	694	99	99
g9551.t1	g9084.t1	26.453	499	305	15	55	520	50	519	3.73e-40	154	544	667	86	86
g9551.t1	g3307.t1	26.236	526	323	15	9	495	15	514	4.17e-40	154	544	681	90	90
g9551.t1	g5841.t1	25.856	526	344	17	3	509	15	513	1.00e-39	153	544	719	93	93
g9551.t1	g5832.t1	25.091	550	364	16	3	540	9	522	2.81e-39	152	544	704	99	99
g9551.t1	g7302.t1	27.125	553	348	19	3	539	10	523	4.42e-39	151	544	691	99	99
g9551.t1	g12058.t1	27.763	389	248	10	98	473	152	520	7.93e-39	149	544	536	69	69
g9551.t1	g16333.t1	24.301	465	306	12	9	457	33	467	1.41e-38	147	544	485	83	83
g9551.t1	g12068.t1	25.333	525	354	12	6	521	8	503	1.84e-38	149	544	709	95	95
g9551.t1	g19222.t1	25.265	471	313	13	52	518	55	490	3.80e-38	149	544	712	86	86
g9551.t1	g18381.t1	26.763	553	346	19	3	540	10	518	5.49e-38	148	544	698	99	99
g9551.t1	g12057.t1	27.394	376	254	9	88	456	141	504	1.01e-37	145	544	538	68	68
g9551.t1	g16330.t1	26.050	476	308	13	57	521	58	500	1.14e-37	147	544	761	85	85
g9551.t1	g16332.t1	27.021	433	266	13	103	523	123	517	1.27e-37	147	544	671	77	77
g9551.t1	g5843.t1	25.051	495	314	16	3	469	15	480	1.32e-37	147	544	717	86	86
g9551.t1	g9530.t1	46.207	145	70	1	400	544	2	138	1.79e-37	134	544	138	27	27
g9551.t1	g145.t1	26.230	549	357	18	3	537	19	533	3.42e-37	145	544	615	98	98
g9551.t1	g6217.t1	25.470	479	319	14	3	470	14	465	4.64e-37	145	544	709	86	86
g9551.t1	g22763.t1	25.265	471	319	12	14	471	26	476	5.44e-37	145	544	705	84	84
g9551.t1	g12068.t2	26.419	458	300	11	73	521	34	463	9.75e-37	144	544	669	83	83
g9551.t1	g2400.t1	23.404	470	315	10	57	521	58	487	1.43e-36	144	544	649	85	85
g9551.t1	g16334.t1	25.474	369	260	7	103	469	109	464	3.53e-36	142	544	659	67	67
g9551.t1	g5831.t1	26.096	479	312	16	3	471	10	456	4.09e-36	142	544	696	86	86
g9551.t1	g5837.t1	27.935	494	296	15	3	471	13	471	4.60e-36	142	544	751	86	86
g9551.t1	g6209.t1	24.800	500	329	15	6	498	10	469	8.81e-36	142	544	751	91	91
g9551.t1	g6213.t1	26.195	481	321	11	3	469	14	474	1.05e-35	141	544	736	86	86
g9551.t1	g16327.t1	23.660	541	351	15	6	526	11	509	2.68e-35	140	544	665	96	96
g9551.t1	g18380.t1	26.580	538	329	17	3	524	12	499	2.93e-35	140	544	680	96	96
g9551.t1	g23040.t1	24.132	547	341	18	9	526	15	516	4.26e-35	139	544	671	95	95
g9551.t1	g18382.t1	24.771	545	359	18	3	539	10	511	4.65e-35	139	544	689	99	99
g9551.t1	g2217.t1	24.151	530	353	15	6	524	11	502	6.07e-35	139	544	662	95	95
g9551.t1	g5835.t1	25.800	531	357	15	6	524	16	521	1.30e-34	137	544	537	95	95
g9551.t1	g5836.t1	26.306	536	345	14	6	524	16	518	1.47e-34	138	544	747	95	95
g9551.t1	g16331.t1	25.182	413	269	9	118	523	158	537	1.70e-34	137	544	687	75	75
g9551.t1	g18385.t1	25.136	553	344	17	3	539	12	510	2.08e-34	137	544	695	99	99
g9551.t1	g5844.t1	25.678	479	328	15	3	469	15	477	2.22e-34	137	544	697	86	86
g9551.t1	g9087.t1	25.662	491	308	13	9	471	15	476	6.02e-34	136	544	722	85	85
g9551.t1	g18378.t1	25.655	534	334	17	3	521	14	499	1.53e-33	135	544	695	95	95
g9551.t1	g23041.t1	25.556	540	331	18	9	523	15	508	1.81e-33	134	544	668	95	95
g9551.t1	g2214.t1	26.604	530	333	16	6	515	11	504	1.95e-33	134	544	670	94	94
g9551.t1	g2402.t1	24.138	493	293	17	57	537	58	481	4.10e-33	133	544	638	88	88
g9551.t1	g22467.t1	26.477	491	301	17	3	469	11	465	8.60e-33	132	544	693	86	86
g9551.t1	g6202.t1	25.940	532	347	16	3	515	6	509	1.15e-32	131	544	537	94	94
g9551.t1	g2403.t1	24.528	477	302	15	57	521	58	488	1.39e-32	132	544	651	85	85
g9551.t1	g9312.t1	24.112	535	349	14	9	510	13	523	1.51e-32	132	544	695	92	92
g9551.t1	g7300.t1	28.716	296	194	7	208	496	8	293	2.28e-32	130	544	546	53	53
g9551.t1	g23039.t1	25.046	539	344	17	9	523	15	517	3.89e-32	130	544	675	95	95
g9551.t1	g22867.t1	25.891	421	255	13	69	469	114	497	4.26e-32	130	544	751	74	74
g9551.t1	g6215.t1	25.194	516	330	20	3	493	14	498	6.59e-32	129	544	612	90	90
g9551.t1	g23038.t1	25.918	490	299	15	9	471	15	467	9.88e-32	129	544	645	85	85
g9551.t1	g14522.t1	25.114	438	279	12	56	471	45	455	1.19e-31	129	544	770	76	76
g9551.t1	g146.t1	26.949	449	301	14	93	534	121	549	1.84e-31	128	544	639	81	81
g9551.t1	g6268.t1	23.048	538	350	16	16	527	27	526	2.38e-31	128	544	682	94	94
g9551.t1	g2213.t1	24.092	523	347	15	6	515	8	493	2.65e-31	128	544	651	94	94
g9551.t1	g6214.t1	28.080	349	229	7	128	468	2	336	5.61e-31	127	544	603	63	63
g9551.t1	g5064.t1	24.294	531	352	16	6	518	18	516	1.09e-30	125	544	609	94	94
g9551.t1	g16325.t1	22.407	482	345	10	6	477	11	473	2.27e-30	125	544	667	87	87
g9551.t1	g2218.t1	22.645	552	376	16	6	544	11	524	1.77e-29	122	544	662	99	99
g9551.t1	g13678.t1	23.818	571	346	20	9	534	12	538	2.28e-29	122	544	673	97	97
g9551.t1	g12059.t1	23.946	522	359	17	11	521	15	509	4.01e-29	121	544	601	94	94
g9551.t1	g2215.t1	24.370	476	309	14	6	465	11	451	4.15e-29	120	544	562	85	85
g9551.t1	g7296.t1	24.784	464	301	14	60	507	18	449	4.66e-29	121	544	709	82	82
g9551.t1	g16335.t1	24.299	535	354	15	8	528	14	511	8.53e-29	120	544	667	96	96
g9551.t1	g144.t1	26.509	381	241	13	95	458	109	467	1.28e-28	119	544	610	67	67
g9551.t1	g2397.t1	22.180	532	365	11	6	526	11	504	1.55e-28	119	544	664	96	96
g9551.t1	g4408.t1	23.722	489	331	14	7	478	66	529	1.82e-28	120	544	757	87	87
g9551.t1	g6055.t1	25.870	460	281	13	73	507	77	501	1.88e-28	119	544	714	80	80
g9551.t1	g16328.t1	23.467	473	318	14	6	455	11	462	3.33e-28	119	544	679	83	83
g9551.t1	g4404.t1	23.881	402	276	7	59	453	125	503	7.26e-28	118	544	1027	73	73
g9551.t1	g11832.t1	26.503	366	247	9	113	470	172	523	7.34e-28	118	544	750	66	66
g9551.t1	g11832.t2	26.503	366	247	9	113	470	218	569	8.15e-28	118	544	796	66	66
g9551.t1	g11443.t1	22.344	546	358	17	6	525	21	526	8.63e-28	117	544	711	96	96
g9551.t1	g5651.t1	23.651	482	326	13	9	466	13	476	2.07e-27	116	544	682	84	84
g9551.t1	g12564.t1	23.386	573	353	20	9	525	92	634	2.33e-27	116	544	781	95	95
g9551.t1	g2404.t1	23.709	523	336	15	6	505	11	493	3.40e-27	115	544	671	92	92
g9551.t1	g22770.t1	24.658	438	278	15	55	473	65	469	4.76e-27	115	544	622	77	77
g9551.t1	g9314.t1	24.640	556	357	19	9	539	15	533	8.20e-27	114	544	659	98	98
g9551.t1	g11444.t1	24.018	433	297	11	106	535	118	521	8.85e-27	114	544	694	79	79
g9551.t1	g2405.t1	22.430	535	355	14	6	521	11	504	2.44e-26	113	544	685	95	95
g9551.t1	g11379.t1	23.589	496	328	14	3	471	13	484	2.45e-26	114	544	1084	86	86
g9551.t1	g6009.t1	22.538	457	301	10	76	510	79	504	2.49e-26	112	544	608	80	80
g9551.t1	g9311.t1	24.311	399	262	10	76	472	85	445	2.79e-26	112	544	645	73	73
g9552.t1	g9536.t1	56.134	538	214	8	1	536	1	518	0.0	575	549	531	98	98
g9552.t1	g9533.t1	54.364	550	220	11	1	544	1	525	0.0	543	549	543	99	99
g9552.t1	g9531.t1	46.266	549	260	10	1	536	1	527	4.49e-153	449	549	553	98	98
g9552.t1	g9537.t1	44.779	565	257	15	3	539	18	555	9.92e-144	426	549	578	98	98
g9552.t1	g9534.t1	41.929	539	261	13	4	536	3	495	1.74e-128	385	549	522	97	97
g9552.t1	g9532.t1	41.667	516	259	11	24	536	19	495	6.84e-126	378	549	521	93	93
g9552.t1	g9529.t1	37.739	522	294	10	24	536	20	519	1.10e-110	340	549	545	93	93
g9552.t1	g9535.t1	41.351	370	194	7	1	367	1	350	1.24e-83	265	549	404	67	67
g9552.t1	g14345.t1	31.569	529	320	12	18	535	16	513	2.16e-82	266	549	540	94	94
g9552.t1	g14347.t1	28.913	543	326	11	1	518	1	508	2.90e-71	236	549	515	94	94
g9552.t1	g14346.t1	31.559	526	290	16	24	520	39	523	5.19e-63	216	549	555	91	91
g9552.t1	g9534.t2	43.728	279	121	9	4	282	3	245	1.57e-62	205	549	247	51	51
g9552.t1	g5838.t1	29.462	465	289	12	81	538	63	495	1.30e-52	189	549	668	83	83
g9552.t1	g9083.t1	26.239	545	334	17	26	542	19	523	1.53e-48	178	549	672	94	94
g9552.t1	g7299.t1	28.608	388	248	10	120	492	106	479	1.34e-47	176	549	750	68	68
g9552.t1	g7300.t2	28.534	382	243	11	126	492	112	478	1.73e-46	173	549	755	67	67
g9552.t1	g7297.t1	27.384	409	251	12	112	496	93	479	1.59e-45	170	549	714	70	70
g9552.t1	g6207.t1	27.924	419	276	11	80	493	56	453	4.93e-45	169	549	797	75	75
g9552.t1	g5882.t1	27.561	537	321	17	22	535	21	512	4.55e-44	166	549	731	94	94
g9552.t1	g18384.t1	25.714	420	272	10	108	496	89	499	2.46e-41	158	549	734	71	71
g9552.t1	g12943.t1	27.733	494	285	21	80	539	63	518	8.77e-41	156	549	713	84	84
g9552.t1	g5651.t1	26.128	532	335	14	22	528	14	512	1.74e-40	155	549	682	92	92
g9552.t1	g5887.t1	26.598	485	309	13	78	549	69	519	2.27e-40	155	549	721	86	86
g9552.t1	g22763.t1	28.184	479	288	19	81	529	65	517	2.31e-40	155	549	705	82	82
g9552.t1	g5889.t1	26.964	471	301	11	97	547	104	551	5.02e-40	154	549	738	82	82
g9552.t1	g18582.t1	27.880	434	262	15	81	490	73	479	5.27e-40	152	549	567	75	75
g9552.t1	g2159.t1	25.179	560	356	16	10	542	2	525	1.03e-39	153	549	695	97	97
g9552.t1	g16334.t1	25.880	483	318	13	19	490	11	464	1.24e-39	152	549	659	86	86
g9552.t1	g13741.t1	24.536	485	331	11	75	548	60	520	1.90e-39	152	549	653	86	86
g9552.t1	g9084.t1	25.836	538	326	19	19	525	11	506	4.00e-39	151	549	667	92	92
g9552.t1	g5837.t1	27.123	424	264	10	128	538	117	508	4.65e-39	152	549	751	75	75
g9552.t1	g19222.t1	27.619	420	281	12	78	495	57	455	4.76e-39	151	549	712	76	76
g9552.t1	g12068.t1	26.616	526	335	15	24	536	13	500	5.09e-39	151	549	709	93	93
g9552.t1	g12068.t2	28.414	454	288	13	95	536	32	460	6.79e-39	150	549	669	81	81
g9552.t1	g5836.t1	28.638	426	260	15	126	535	114	511	7.37e-39	151	549	747	75	75
g9552.t1	g5835.t1	27.356	435	271	12	127	543	115	522	8.60e-39	149	549	537	76	76
g9552.t1	g5834.t1	26.266	533	333	21	19	536	12	499	2.31e-38	149	549	738	94	94
g9552.t1	g2403.t1	24.767	537	336	20	19	542	10	491	2.35e-38	149	549	651	95	95
g9552.t1	g5842.t1	29.589	365	228	9	142	490	127	478	4.15e-38	149	549	721	64	64
g9552.t1	g16333.t1	25.373	469	298	14	24	477	35	466	4.62e-37	143	549	485	83	83
g9552.t1	g7301.t1	25.379	528	341	15	25	537	19	508	1.38e-36	144	549	688	93	93
g9552.t1	g16330.t1	23.303	545	351	19	22	547	13	509	2.27e-36	144	549	761	96	96
g9552.t1	g16331.t1	26.095	525	334	15	24	537	51	532	2.79e-36	143	549	687	94	94
g9552.t1	g7298.t1	25.285	526	351	15	20	530	13	511	2.86e-36	143	549	747	93	93
g9552.t1	g5841.t1	28.460	383	242	11	123	490	114	479	5.31e-36	142	549	719	67	67
g9552.t1	g5840.t1	27.041	392	253	11	114	490	106	479	6.18e-36	142	549	639	69	69
g9552.t1	g2399.t1	22.917	528	340	13	19	535	10	481	6.45e-36	142	549	647	94	94
g9552.t1	g3307.t1	24.440	491	324	11	24	492	17	482	1.30e-35	141	549	681	85	85
g9552.t1	g16332.t1	24.665	523	344	14	24	537	31	512	1.78e-35	140	549	671	94	94
g9552.t1	g11458.t1	25.100	502	288	21	22	490	22	468	2.36e-35	140	549	690	85	85
g9552.t1	g13825.t1	25.501	549	341	15	19	535	11	523	6.87e-35	139	549	653	94	94
g9552.t1	g145.t1	24.214	541	351	18	3	524	7	507	8.21e-35	138	549	615	95	95
g9552.t1	g146.t1	24.138	464	311	13	80	524	85	526	9.73e-35	138	549	639	81	81
g9552.t1	g7302.t1	26.019	515	304	17	24	510	18	483	1.60e-34	138	549	691	89	89
g9552.t1	g2397.t1	23.933	539	350	17	22	545	13	506	2.16e-34	137	549	664	95	95
g9552.t1	g18388.t1	24.188	554	357	18	7	538	6	518	2.35e-34	137	549	728	97	97
g9552.t1	g22467.t1	26.304	460	289	14	76	520	62	486	2.71e-34	137	549	693	81	81
g9552.t1	g144.t1	23.810	462	313	12	74	516	60	501	5.46e-34	135	549	610	81	81
g9552.t1	g2402.t1	22.326	533	334	16	22	542	15	479	5.89e-34	135	549	638	95	95
g9552.t1	g5843.t1	28.962	366	229	13	142	490	129	480	7.23e-34	136	549	717	64	64
g9552.t1	g6217.t1	25.897	390	250	11	115	491	102	465	8.15e-34	136	549	709	69	69
g9552.t1	g6215.t1	24.536	485	310	14	25	491	23	469	8.94e-34	135	549	612	85	85
g9552.t1	g12059.t1	23.092	524	358	15	24	535	15	505	1.16e-33	134	549	601	93	93
g9552.t1	g2217.t1	24.427	524	340	13	24	535	16	495	1.75e-33	134	549	662	93	93
g9552.t1	g12057.t1	24.424	434	298	12	79	499	110	526	3.26e-33	132	549	538	77	77
g9552.t1	g9311.t1	23.183	509	342	13	22	528	14	475	3.35e-33	134	549	645	92	92
g9552.t1	g6213.t1	26.066	422	266	15	120	523	110	503	6.72e-33	133	549	736	74	74
g9552.t1	g5833.t1	26.327	452	294	11	98	536	84	509	1.54e-32	132	549	742	80	80
g9552.t1	g18386.t1	25.046	543	340	18	17	542	8	500	2.08e-32	132	549	711	96	96
g9552.t1	g2400.t1	24.190	525	331	18	22	535	15	483	7.69e-32	129	549	649	94	94
g9552.t1	g16325.t1	20.339	531	368	12	24	540	16	505	1.83e-31	129	549	667	94	94
g9552.t1	g2218.t1	24.478	527	336	15	24	535	16	495	1.92e-31	128	549	662	93	93
g9552.t1	g18383.t1	23.372	522	339	18	25	535	19	490	1.95e-31	129	549	686	93	93
g9552.t1	g6009.t1	25.417	539	324	20	22	530	16	506	5.24e-31	127	549	608	93	93
g9552.t1	g12058.t1	25.000	400	269	11	107	492	136	518	6.37e-31	126	549	536	70	70
g9552.t1	g13809.t1	24.779	452	306	14	80	515	148	581	8.49e-31	127	549	836	79	79
g9552.t1	g9087.t1	25.451	554	339	22	19	541	11	521	1.26e-30	126	549	722	95	95
g9552.t1	g5868.t1	26.179	424	279	12	81	490	69	472	1.40e-30	126	549	716	75	75
g9552.t1	g16327.t1	21.576	533	359	13	24	540	16	505	1.89e-30	125	549	665	94	94
g9552.t1	g9167.t1	24.900	498	302	19	25	490	26	483	1.92e-30	125	549	738	85	85
g9552.t1	g5828.t1	25.000	488	301	15	25	492	13	455	2.87e-30	124	549	588	85	85
g9552.t1	g6268.t1	22.869	481	320	11	75	530	52	506	3.43e-30	125	549	682	83	83
g9552.t1	g11832.t2	26.446	484	286	17	75	536	168	603	6.27e-30	124	549	796	84	84
g9552.t1	g11832.t1	26.446	484	286	17	75	536	122	557	7.82e-30	124	549	750	84	84
g9552.t1	g2405.t1	21.415	523	362	13	24	535	16	500	1.14e-29	123	549	685	93	93
g9552.t1	g6202.t1	24.848	495	310	19	11	487	2	452	1.35e-29	122	549	537	87	87
g9552.t1	g4408.t1	23.464	537	351	18	24	541	70	565	2.27e-29	122	549	757	94	94
g9552.t1	g23039.t1	25.319	549	333	20	24	542	17	518	9.16e-29	120	549	675	95	95
g9552.t1	g5827.t1	24.335	489	303	16	25	492	13	455	1.34e-28	120	549	672	85	85
g9552.t1	g4404.t1	24.816	407	264	12	81	473	124	502	3.59e-28	119	549	1027	72	72
g9552.t1	g6214.t1	27.066	351	231	9	152	491	2	338	3.69e-28	118	549	603	62	62
g9552.t1	g5064.t1	22.569	545	356	20	17	538	17	518	4.46e-28	118	549	609	95	95
g9552.t1	g16335.t1	23.034	534	339	16	24	537	17	498	6.01e-28	118	549	667	94	94
g9552.t1	g5850.t1	24.274	482	319	17	78	541	56	509	1.63e-27	116	549	620	85	85
g9552.t1	g18378.t1	24.048	420	279	14	127	536	107	496	2.11e-27	116	549	695	75	75
g9552.t1	g11840.t1	24.893	466	306	16	24	475	66	501	2.20e-27	117	549	1562	82	82
g9552.t1	g18385.t1	21.764	533	357	17	25	548	21	502	2.53e-27	116	549	695	95	95
g9552.t1	g11837.t1	25.545	505	321	22	25	499	34	513	4.32e-27	116	549	1871	87	87
g9552.t1	g9314.t1	22.841	521	359	16	22	530	16	505	7.01e-27	114	549	659	93	93
g9552.t1	g13678.t1	22.505	551	364	14	22	542	11	528	2.18e-26	113	549	673	95	95
g9552.t1	g5831.t1	22.098	448	305	14	114	548	90	506	2.34e-26	113	549	696	79	79
g9552.t1	g22867.t1	25.866	433	259	15	82	490	103	497	3.29e-26	113	549	751	74	74
g9552.t1	g7300.t1	28.159	277	173	9	227	492	8	269	5.10e-26	111	549	546	48	48
g9552.t1	g11392.t1	23.596	534	350	19	21	536	53	546	5.52e-26	112	549	743	94	94
g9552.t1	g6048.t1	22.702	533	362	15	24	542	87	583	6.11e-26	112	549	776	95	95
g9552.t1	g11379.t1	23.529	544	337	14	25	531	22	523	6.74e-26	112	549	1084	92	92
g16455.t1	g18457.t1	57.735	724	277	10	54	749	92	814	0.0	796	1126	1337	92	62
g16455.t1	g18457.t1	44.444	360	154	9	775	1115	1005	1337	5.00e-73	265	1126	1337	92	30
g16455.t1	g12799.t1	71.968	503	138	2	245	747	9	508	0.0	733	1126	997	76	45
g16455.t1	g12799.t1	49.582	359	149	5	775	1125	662	996	5.03e-86	300	1126	997	76	31
g16455.t1	g19034.t1	39.045	1068	527	22	50	1079	16	997	0.0	661	1126	1002	91	91
g16455.t1	g22958.t1	41.890	931	430	19	266	1120	132	1027	0.0	648	1126	1193	76	76
g16455.t1	g12797.t1	56.535	635	204	9	132	760	1	569	0.0	646	1126	1041	86	56
g16455.t1	g12797.t1	52.874	348	131	6	767	1106	691	1013	2.22e-99	338	1126	1041	86	30
g16455.t1	g18353.t1	36.543	914	486	19	264	1121	28	903	2.14e-174	537	1126	944	76	76
g16455.t1	g4667.t1	74.643	280	68	2	245	524	9	285	1.11e-138	420	1126	286	25	25
g16455.t1	g19884.t1	33.527	862	483	21	304	1115	56	877	2.54e-129	417	1126	924	72	72
g16455.t1	g5341.t1	31.784	925	535	21	236	1113	40	915	3.96e-129	418	1126	965	78	78
g16455.t1	g19888.t1	31.892	925	535	25	262	1126	23	912	4.98e-119	390	1126	954	77	77
g16455.t1	g19889.t1	32.962	898	509	30	266	1111	37	893	1.51e-113	376	1126	968	75	75
g16455.t1	g13989.t1	32.812	896	520	26	269	1119	40	898	1.28e-109	365	1126	977	76	76
g16455.t1	g1132.t1	29.966	871	542	25	269	1110	7	838	5.57e-99	335	1126	914	75	75
g16455.t1	g11624.t1	30.300	901	531	25	267	1109	5	866	1.39e-98	335	1126	965	75	75
g16455.t1	g11625.t1	30.474	781	462	20	266	1008	4	741	1.17e-97	327	1126	751	66	66
g16455.t1	g11331.t1	31.236	874	523	24	266	1111	37	860	9.67e-96	326	1126	949	75	75
g16455.t1	g7817.t1	29.856	901	493	30	269	1109	161	982	3.41e-91	315	1126	1033	75	75
g16455.t1	g4666.t1	65.596	218	75	0	541	758	1	218	5.26e-91	297	1126	385	19	19
g16455.t1	g7819.t1	71.905	210	46	4	41	246	1	201	3.88e-88	283	1126	227	18	18
g16455.t1	g7816.t1	26.932	880	520	26	304	1118	174	995	2.44e-73	263	1126	1015	72	72
g16455.t1	g7812.t2	31.471	537	294	10	258	764	13	505	3.50e-69	250	1126	947	45	45
g16455.t1	g14335.t1	32.512	609	371	17	268	854	5	595	2.35e-65	233	1126	621	52	52
g16455.t1	g19885.t1	33.987	459	281	8	243	693	3	447	1.51e-64	225	1126	448	40	40
g16455.t1	g13772.t1	30.147	680	376	18	489	1111	93	730	6.71e-63	230	1126	828	55	55
g16455.t1	g7815.t1	28.725	651	312	18	538	1062	440	1064	1.69e-62	232	1126	1124	76	47
g16455.t1	g7815.t1	32.234	394	197	12	51	381	11	397	6.38e-41	164	1126	1124	76	29
g16455.t1	g20038.t1	28.595	598	316	16	495	1021	641	1198	4.25e-59	222	1126	1304	80	47
g16455.t1	g20038.t1	33.019	424	226	12	45	420	279	692	3.39e-48	187	1126	1304	80	33
g16455.t1	g19883.t1	30.841	535	242	18	287	760	34	501	7.77e-55	207	1126	987	63	42
g16455.t1	g19883.t1	35.685	241	127	2	774	1014	592	804	7.14e-38	154	1126	987	63	21
g16455.t1	g19886.t1	32.569	436	232	12	708	1113	4	407	1.22e-53	194	1126	467	36	36
g16455.t1	g12725.t1	28.655	513	329	14	265	759	32	525	9.78e-50	189	1126	757	44	44
g16455.t1	g11330.t1	43.697	238	119	4	537	759	162	399	8.59e-49	187	1126	864	31	20
g16455.t1	g11330.t1	51.908	131	59	2	55	183	33	161	3.01e-30	129	1126	864	31	11
g16455.t1	g22957.t1	50.000	144	65	2	46	189	57	193	1.82e-39	147	1126	258	13	13
g16455.t1	g19887.t1	32.836	268	133	5	538	760	192	457	1.40e-37	152	1126	859	41	20
g16455.t1	g19887.t1	35.102	245	129	6	776	1018	528	744	1.68e-27	120	1126	859	41	22
g16455.t1	g13385.t1	43.919	148	79	2	38	183	4	149	1.51e-32	124	1126	169	13	13
g16456.t1	g12799.t1	96.578	263	9	0	1	263	735	997	0.0	524	263	997	100	100
g16456.t1	g12797.t1	69.112	259	80	0	1	259	771	1029	3.67e-116	356	263	1041	98	98
g16456.t1	g18457.t1	46.212	264	129	5	1	252	1075	1337	5.58e-65	219	263	1337	96	96
g16456.t1	g18353.t1	39.245	265	144	5	2	256	644	901	7.78e-49	172	263	944	97	97
g16456.t1	g22958.t1	39.700	267	134	7	5	251	762	1021	2.41e-45	162	263	1193	94	94
g16456.t1	g19884.t1	38.768	276	131	6	1	252	616	877	5.66e-45	161	263	924	96	96
g16456.t1	g5341.t1	40.458	262	138	6	1	250	660	915	1.74e-42	154	263	965	95	95
g16456.t1	g19034.t1	41.048	229	114	6	2	216	776	997	2.52e-40	147	263	1002	82	82
g16456.t1	g19886.t1	39.015	264	139	7	1	250	152	407	3.14e-39	141	263	467	95	95
g16456.t1	g19883.t1	34.686	271	161	5	2	263	659	922	4.09e-36	135	263	987	99	99
g16456.t1	g7815.t1	38.217	157	96	1	2	157	853	1009	3.23e-32	124	263	1124	59	59
g16456.t1	g11330.t1	32.714	269	152	10	2	253	532	788	2.38e-28	113	263	864	96	96
g16456.t1	g19889.t1	34.100	261	152	8	3	248	638	893	1.39e-27	111	263	968	94	94
g16456.t1	g1132.t1	31.203	266	157	7	1	247	580	838	2.09e-27	110	263	914	94	94
g16456.t1	g20038.t1	39.726	146	84	2	1	146	1045	1186	2.41e-26	107	263	1304	56	56
g17661.t1	g6380.t1	97.753	89	2	0	1	89	1	89	7.37e-59	185	90	433	99	99
g17662.t1	g965.t1	75.549	319	59	2	1	300	1	319	6.66e-168	484	612	416	49	49
g17662.t1	g21986.t1	32.432	296	180	3	24	300	34	328	7.13e-41	154	612	445	45	45
g17663.t1	g16616.t1	68.376	351	34	5	9	284	597	945	1.88e-116	356	284	945	97	97
g17664.t1	g6379.t1	99.518	415	2	0	1	415	1	415	0.0	847	415	415	100	100
g17665.t1	g6378.t2	100.000	69	0	0	1	69	768	836	1.71e-43	148	69	836	100	100
g17665.t1	g6378.t1	100.000	69	0	0	1	69	742	810	2.04e-43	147	69	810	100	100
g15851.t1	g21071.t1	31.324	680	397	18	107	767	101	729	1.09e-81	283	780	1204	85	85
g15851.t1	g11001.t1	33.015	524	293	16	57	548	32	529	4.16e-72	248	780	655	63	63
g15851.t1	g14486.t2	32.409	469	280	12	156	607	107	555	1.46e-71	248	780	708	58	58
g15851.t1	g14486.t1	33.652	419	255	10	192	607	1	399	2.62e-70	240	780	552	53	53
g15851.t1	g18981.t1	31.723	476	286	12	143	605	62	511	6.83e-66	237	780	1085	59	59
g15851.t1	g17069.t1	31.315	479	234	14	151	621	120	511	6.55e-58	209	780	665	60	60
g15851.t1	g9386.t1	31.068	412	227	12	207	602	173	543	1.47e-55	207	780	1248	51	51
g15851.t1	g9386.t2	31.068	412	227	12	207	602	173	543	1.50e-55	207	780	1249	51	51
g15851.t1	g18982.t1	29.247	465	262	13	183	601	50	493	9.33e-53	196	780	831	54	54
g20836.t1	g19270.t1	64.189	148	51	1	47	194	1410	1555	2.53e-57	194	199	2318	74	74
g20836.t1	g19270.t1	65.753	146	46	1	49	194	1874	2015	6.97e-55	187	199	2318	74	73
g20836.t1	g19270.t1	63.514	148	50	2	47	194	479	622	7.05e-47	164	199	2318	74	74
g20836.t1	g19270.t1	60.135	148	57	1	47	194	939	1084	4.70e-42	150	199	2318	74	74
g20836.t1	g19271.t1	63.303	109	36	1	86	194	5	109	8.97e-39	138	199	481	55	55
g20836.t1	g21672.t1	39.766	171	90	5	24	194	2	159	3.01e-31	114	199	286	86	86
g12831.t1	g6845.t1	61.875	160	39	3	69	228	1	138	1.21e-48	171	338	564	47	47
g12831.t1	g16666.t1	32.550	298	164	11	17	304	18	288	2.67e-26	109	338	740	85	85
g12831.t1	g5611.t1	66.250	80	26	1	69	148	1	79	4.40e-26	99.0	338	79	24	24
g12832.t1	g14294.t1	84.807	362	22	2	1	329	140	501	0.0	610	367	508	90	90
g12832.t1	g16666.t1	67.464	418	85	3	1	367	323	740	0.0	553	367	740	100	100
g12832.t1	g6845.t1	86.032	315	14	2	1	303	217	513	0.0	549	367	564	83	83
g12832.t1	g5612.t1	77.204	329	24	2	1	329	1	278	2.74e-177	493	367	285	90	90
g12832.t1	g14315.t1	64.948	388	94	4	1	367	323	689	4.43e-166	480	367	689	100	100
g12832.t1	g624.t1	64.362	376	92	5	1	367	1	343	9.50e-159	448	367	343	100	100
g12832.t1	g23427.t1	64.767	386	94	4	1	365	292	656	6.63e-158	476	367	1295	99	99
g12832.t1	g17584.t1	65.026	386	93	4	1	365	292	656	1.17e-156	477	367	1500	99	99
g12832.t1	g5177.t1	64.508	386	95	4	1	365	119	483	1.40e-156	471	367	1249	99	99
g12832.t1	g11119.t1	59.164	311	92	5	90	367	23	331	1.06e-118	346	367	331	76	76
g12832.t1	g12961.t1	57.609	276	88	5	90	349	23	285	2.62e-94	292	367	577	71	71
g12832.t1	g2396.t1	57.407	216	46	1	1	170	9	224	7.65e-77	237	367	263	46	46
g12832.t1	g20870.t1	58.373	209	67	4	160	351	35	240	2.13e-68	228	367	733	52	52
g12832.t1	g18256.t1	58.454	207	68	4	166	356	269	473	7.61e-68	224	367	606	75	52
g12832.t1	g18256.t1	55.670	97	42	1	83	179	20	115	2.39e-27	112	367	606	75	26
g12832.t1	g4422.t1	61.340	194	57	4	166	343	265	456	3.31e-67	221	367	535	69	49
g12832.t1	g4422.t1	60.000	90	35	1	90	179	23	111	1.20e-27	113	367	535	69	25
g12832.t1	g18147.t1	50.251	199	67	3	1	168	1	198	3.70e-60	194	367	245	46	46
g12832.t1	g20814.t1	59.627	161	47	4	223	367	1	159	9.14e-52	169	367	159	40	40
g12832.t1	g18019.t1	57.333	150	46	4	234	367	295	442	5.12e-41	149	367	442	61	37
g12832.t1	g18019.t1	60.000	90	35	1	90	179	31	119	8.70e-28	112	367	442	61	25
g12832.t1	g16422.t1	71.910	89	25	0	1	89	1	89	9.25e-41	140	367	152	24	24
g12832.t1	g4941.t1	70.455	88	26	0	1	88	1	88	1.81e-39	135	367	98	24	24
g12832.t1	g18175.t1	70.787	89	26	0	1	89	1	89	2.68e-39	139	367	246	24	24
g12832.t1	g11797.t1	70.787	89	26	0	1	89	107	195	2.70e-38	140	367	373	24	24
g12832.t1	g9541.t1	70.787	89	26	0	1	89	1	89	8.56e-37	141	367	986	24	24
g12832.t1	g12588.t1	50.980	153	26	2	187	339	6	109	3.99e-35	130	367	298	42	42
g12833.t1	g14293.t1	63.889	900	301	7	1	891	1	885	0.0	1114	892	885	99	99
g12833.t1	g5613.t1	61.598	901	285	10	1	891	1	850	0.0	1055	892	850	99	99
g12833.t1	g3098.t1	66.138	378	105	5	522	891	5	367	3.25e-165	485	892	367	41	41
g12833.t1	g17584.t1	35.376	930	424	29	1	880	686	1488	1.62e-142	459	892	1500	99	99
g12833.t1	g5177.t1	33.406	922	375	28	1	880	513	1237	1.06e-127	414	892	1249	99	99
g12833.t1	g3613.t1	47.423	291	134	5	564	851	104	378	1.77e-80	268	892	501	32	32
g12833.t1	g18018.t1	51.584	221	104	2	653	870	603	823	2.38e-70	249	892	833	47	24
g12833.t1	g18018.t1	40.385	208	111	4	1	201	1	202	4.32e-46	177	892	833	47	23
g12833.t1	g17905.t1	54.104	268	100	6	413	672	10	262	6.16e-69	229	892	263	29	29
g12833.t1	g17904.t1	68.142	113	36	0	1	113	1	113	1.73e-47	164	892	130	13	13
g12833.t1	g23427.t1	27.586	725	325	26	38	712	721	1295	1.63e-42	168	892	1295	76	76
g12833.t1	g23426.t1	54.054	111	51	0	770	880	1	111	2.87e-35	129	892	123	12	12
g12833.t1	g9310.t1	32.579	221	142	2	666	885	418	632	1.13e-26	115	892	635	25	25
g12833.t1	g9541.t1	32.127	221	143	2	666	885	769	983	8.17e-26	114	892	986	25	25
g12981.t1	g896.t1	40.887	203	116	3	6	205	286	487	5.30e-40	142	215	488	93	93
g12981.t1	g13640.t1	36.967	211	125	5	6	211	272	479	2.36e-34	129	215	1313	96	96
g13785.t1	g13967.t1	100.000	102	0	0	1	102	1	102	1.04e-71	209	102	135	100	100
g13785.t1	g18226.t1	79.167	120	7	2	1	102	389	508	1.19e-54	177	102	556	100	100
g23391.t1	g3035.t1	86.412	655	84	2	69	723	139	788	0.0	1152	730	981	99	90
g23391.t1	g3035.t1	69.504	141	35	1	1	133	1	141	3.79e-51	192	730	981	99	18
g23391.t1	g23535.t1	39.728	589	334	7	154	723	186	772	7.01e-143	445	730	1074	78	78
g23391.t1	g18056.t1	39.152	613	345	10	140	728	159	767	7.02e-137	430	730	1102	81	81
g23391.t1	g6646.t1	36.156	614	348	8	152	727	119	726	4.55e-119	381	730	1031	79	79
g23391.t1	g20872.t1	36.447	653	365	10	117	725	140	786	8.68e-116	374	730	1087	83	83
g23391.t1	g6821.t1	37.587	431	215	8	183	596	1	394	1.86e-80	261	730	396	57	57
g23391.t1	g6080.t2	70.093	107	32	0	1	107	19	125	1.44e-42	150	730	125	15	15
g23391.t1	g6821.t2	38.258	264	121	6	338	596	1	227	2.18e-42	153	730	229	35	35
g23391.t1	g6080.t1	61.475	122	32	1	1	107	19	140	1.11e-38	139	730	140	15	15
g23391.t1	g11051.t1	47.748	111	54	2	303	413	11	117	5.86e-28	108	730	118	15	15
g13953.t1	g11059.t1	55.828	326	134	5	181	498	1	324	1.62e-122	361	498	324	64	64
g13953.t1	g11059.t2	57.831	249	98	4	181	424	1	247	5.88e-93	283	498	271	49	49
g13953.t1	g14652.t2	28.493	365	200	9	9	315	1427	1788	1.41e-43	165	498	2577	62	62
g13953.t1	g14652.t1	28.493	365	200	9	9	315	1427	1788	1.43e-43	165	498	2573	62	62
g13953.t2	g11059.t1	57.317	328	123	7	181	495	1	324	1.77e-122	360	495	324	64	64
g13953.t2	g11059.t2	62.222	225	78	4	181	400	1	223	1.06e-92	282	495	271	44	44
g13953.t2	g14652.t1	28.493	365	200	9	9	315	1427	1788	1.09e-43	165	495	2573	62	62
g13953.t2	g14652.t2	28.493	365	200	9	9	315	1427	1788	1.19e-43	165	495	2577	62	62
g13953.t3	g11059.t1	57.492	327	123	6	181	494	1	324	3.74e-124	365	494	324	64	64
g13953.t3	g11059.t2	62.500	224	78	3	181	399	1	223	2.82e-94	286	494	271	44	44
g13953.t3	g14652.t2	28.691	359	195	9	9	309	1427	1782	9.92e-44	165	494	2577	61	61
g13953.t3	g14652.t1	28.691	359	195	9	9	309	1427	1782	1.00e-43	165	494	2573	61	61
g1208.t1	g11463.t1	78.889	90	19	0	6	95	952	1041	1.07e-48	164	96	1752	94	94
g1208.t1	g5428.t1	72.917	96	25	1	1	95	578	673	4.48e-46	157	96	1342	99	99
g1208.t1	g12333.t1	75.556	90	22	0	6	95	430	519	4.14e-45	154	96	1060	94	94
g1208.t1	g23544.t1	72.917	96	25	1	1	95	646	741	6.54e-45	153	96	1477	99	99
g1208.t1	g8709.t1	75.556	90	22	0	6	95	403	492	1.45e-44	152	96	1135	94	94
g1208.t1	g11472.t1	70.330	91	27	0	5	95	846	936	1.68e-44	152	96	1234	95	95
g1208.t1	g5430.t1	75.862	87	21	0	9	95	656	742	1.98e-44	152	96	1195	91	91
g1208.t1	g11466.t1	71.111	90	26	0	6	95	830	919	2.65e-44	152	96	1599	94	94
g1208.t1	g5432.t1	70.330	91	26	1	1	90	1	91	3.52e-44	137	96	96	94	94
g1208.t1	g3115.t1	85.263	95	14	0	1	95	482	576	7.45e-44	150	96	1322	99	99
g1208.t1	g12390.t1	74.713	87	22	0	9	95	1085	1171	5.92e-43	148	96	1664	91	91
g1208.t1	g18526.t1	72.414	87	24	0	9	95	840	926	2.39e-42	146	96	1169	91	91
g1208.t1	g12389.t1	73.563	87	23	0	9	95	807	893	3.80e-42	145	96	947	91	91
g1208.t1	g12388.t1	73.810	84	22	0	6	89	692	775	1.74e-40	140	96	951	88	88
g1208.t1	g9629.t1	67.816	87	28	0	9	95	1540	1626	6.14e-39	136	96	2388	91	91
g1208.t1	g16922.t1	63.218	87	32	0	9	95	1244	1330	5.09e-37	131	96	1561	91	91
g1208.t1	g9098.t1	63.855	83	30	0	9	91	1211	1293	2.14e-36	129	96	1492	86	86
g1208.t1	g11471.t1	61.111	90	35	0	6	95	797	886	5.35e-36	128	96	1228	94	94
g1208.t1	g17767.t1	54.737	95	43	0	1	95	1588	1682	9.37e-36	127	96	2469	99	99
g1208.t1	g19116.t1	62.069	87	33	0	9	95	1358	1444	6.98e-35	125	96	2174	91	91
g1208.t1	g11464.t1	72.973	74	19	1	1	73	601	674	4.00e-33	120	96	848	76	76
g1208.t1	g5125.t1	48.315	89	46	0	7	95	1658	1746	3.27e-30	111	96	2548	93	93
g1208.t1	g5125.t2	48.315	89	46	0	7	95	1658	1746	3.27e-30	111	96	2562	93	93
