"gene","seq","gene_len","blast","diamond","pfam_acc","pfam_descr","ipr_acc","ipr_descr","GO","anno","length","b.status.final","cov.b.status","b.status.asn","b.status.kmer","tpm04F","tpm04M","tpm13F","tpm13M","tpm15F","tpm15M","tpm21F","tpm21M"
"g100","scaffold_360",205,NA,NA,NA,NA,NA,NA,NA,"N",372701,"B","B","A","B",103.08,136.76,76.3633333333333,118.8275,65.2633333333333,94.3166666666667,47.2933333333333,59.8925
"g101","scaffold_360",669,"LST4_CAEEL","A0A067R133","PF10456;PF00787","WASP-binding domain of Sorting nexin protein; PX domain","IPR019497;IPR001683","Sorting nexin protein, WASP-binding domain; Phox homologous domain","GO:0035091","Y",372701,"B","B","A","B",93.3733333333333,129.956666666667,75.22,94.765,49.4966666666667,85.4933333333333,41.19,50.0975
"g102","scaffold_360",198,NA,NA,"PF14604","Variant SH3 domain","IPR001452","SH3 domain","GO:0005515","Y",372701,"B","B","A","B",80.7466666666667,89.5333333333333,66.28,82.445,45.2166666666667,64.1366666666667,29.4733333333333,38.935
"g103","scaffold_360",848,NA,NA,NA,NA,NA,NA,NA,"N",372701,"B","B","A","B",91.33,153.986666666667,68.9033333333333,100.635,53.24,86.74,37.36,51.3825
"g104","scaffold_360",217,NA,NA,NA,NA,NA,NA,NA,"N",372701,"B","B","A","B",79.4933333333333,121.54,66.21,83.2375,44.2066666666667,71.0666666666667,33.2733333333333,41.75
"g105","scaffold_360",399,NA,NA,NA,NA,NA,NA,NA,"N",372701,"B","B","A","B",73.9233333333333,124.556666666667,66.0166666666667,91.13,47.1966666666667,67.1966666666667,30.23,42
"g106","scaffold_360",278,NA,NA,NA,NA,NA,NA,NA,"N",372701,"B","B","A","B",2.04666666666667,0.0933333333333333,0,0.145,0,0,0.0833333333333333,0.12
"g107","scaffold_360",4892,NA,NA,NA,NA,NA,NA,NA,"N",372701,"B","B","A","B",2.10666666666667,0.126666666666667,0.106666666666667,0.045,0.153333333333333,0.00333333333333333,0.333333333333333,0.025
"g108","scaffold_360",282,NA,NA,NA,NA,NA,NA,NA,"N",372701,"B","B","A","B",3.05,0.256666666666667,0.273333333333333,0.275,0.25,0,0.33,0.1325
"g109","scaffold_360",387,NA,NA,NA,NA,NA,NA,NA,"N",372701,"B","B","A","B",0.0766666666666667,0,0,0,0,0,0,0
"g110","scaffold_360",367,NA,NA,NA,NA,NA,NA,NA,"N",372701,"B","B","A","B",0.13,0.0533333333333333,0.0733333333333333,0,0,0,0.0466666666666667,0
"g111","scaffold_360",704,NA,NA,NA,NA,NA,NA,NA,"N",372701,"B","B","A","B",15.8033333333333,0.91,0.726666666666667,0.0625,1.27,0.0866666666666667,1.44,0.0675
"g112","scaffold_360",772,NA,NA,NA,NA,NA,NA,NA,"N",372701,"B","B","A","B",6.43333333333333,0.736666666666667,2.29333333333333,1.7,2.17333333333333,0.706666666666667,1.2,0.105
"g113","scaffold_360",1199,NA,NA,NA,NA,NA,NA,NA,"N",372701,"B","B","A","B",5.26333333333333,23.96,0.42,13.425,0.896666666666667,14.9566666666667,0.786666666666667,5.98
"g114","scaffold_360",551,NA,NA,NA,NA,NA,NA,NA,"N",372701,"B","B","A","B",4.70666666666667,23.68,0.48,12.97,1.24333333333333,16.38,0.563333333333333,6.065
"g115","scaffold_360",4774,NA,"B7SV22,A0A2H4T2N0","PF03104","DNA polymerase family B, exonuclease domain","IPR006133","DNA-directed DNA polymerase, family B, exonuclease domain",NA,"Y",372701,"B","B","A","B",3.88666666666667,1.12666666666667,0.156666666666667,0.555,0.766666666666667,0.983333333333333,0.62,0.265
"g116","scaffold_360",1058,NA,NA,NA,NA,NA,NA,NA,"N",372701,"B","B","A","B",3.09666666666667,0.183333333333333,0.156666666666667,0.08,0.583333333333333,0.256666666666667,0.603333333333333,0.1
"g117","scaffold_360",1568,NA,NA,NA,NA,NA,NA,NA,"N",372701,"B","B","A","B",11.0766666666667,0.406666666666667,0.26,0.1825,2.48666666666667,0.213333333333333,2.54333333333333,0.1275
"g118","scaffold_360",2239,NA,"A0A1S5VG70",NA,NA,NA,NA,NA,"Y",372701,"B","B","A","B",13.0966666666667,0.5,0.34,0.1325,1.28666666666667,0.106666666666667,2.31333333333333,0.095
"g119","scaffold_360",1930,NA,"A0A0F7KNK5","PF10340","Steryl acetyl hydrolase","IPR019436","Steryl acetyl hydrolase 1-like",NA,"Y",372701,"B","B","A","B",11.01,0.296666666666667,0.223333333333333,0.0875,1.26,0.07,1.54,0.0425
"g120","scaffold_360",2480,NA,NA,NA,NA,NA,NA,NA,"N",372701,"B","B","A","B",69.1266666666667,2.57333333333333,2.08,0.815,7.84666666666667,0.443333333333333,11.0033333333333,0.3175
"g121","scaffold_360",1523,NA,NA,NA,NA,NA,NA,NA,"N",372701,"B","B","A","B",16.7766666666667,0.266666666666667,0.35,0.13,2.19666666666667,0.14,2.05,0.18
"g12159","scaffold_1269",1076,NA,"A0A226CTZ9",NA,NA,NA,NA,NA,"Y",17142,"B","B","A","B",0,0,0,0.01,0,0,0,0
"g12160","scaffold_1269",1038,NA,"A0A226DDY8","PF05699","hAT family C-terminal dimerisation region","IPR008906","HAT, C-terminal dimerisation domain","GO:0046983","Y",17142,"B","B","A","B",0.01,0.0366666666666667,0,0,0,0,0,0
"g12161","scaffold_1269",369,NA,NA,NA,NA,NA,NA,NA,"N",17142,"B","B","A","B",0,0,0,0,0,0,0,0
"g122","scaffold_360",1822,NA,NA,NA,NA,NA,NA,NA,"N",372701,"B","B","A","B",5.53666666666667,0.226666666666667,0.113333333333333,0.0325,0.566666666666667,0.05,0.733333333333333,0.03
"g123","scaffold_360",3397,NA,"J9M4U0",NA,NA,NA,NA,NA,"Y",372701,"B","B","A","B",5.01333333333333,0.19,0.153333333333333,0.0775,0.56,0.08,0.79,0.045
"g124","scaffold_360",904,NA,NA,"PF13837","Myb/SANT-like DNA-binding domain",NA,NA,NA,"Y",372701,"B","B","A","B",8.97666666666667,0.296666666666667,0.173333333333333,0.1325,1.14666666666667,0.0133333333333333,1.51333333333333,0.04
"g125","scaffold_360",2168,NA,"B7SVE7","PF04583;PF08404","Baculoviridae p74 conserved region; Baculoviridae P74 N-terminal","IPR007663;IPR013613","Baculoviridae p74; Baculoviridae p74 N-terminal","GO:0019058","Y",372701,"B","B","A","B",2.90666666666667,0.0833333333333333,0.0633333333333333,0.0475,0.403333333333333,0.0166666666666667,0.546666666666667,0.0225
"g126","scaffold_360",1643,NA,"B7SVE6",NA,NA,NA,NA,NA,"Y",372701,"B","B","A","B",5.12666666666667,0.273333333333333,0.103333333333333,0.0975,0.496666666666667,0.0366666666666667,0.923333333333333,0.025
"g127","scaffold_360",1667,NA,NA,NA,NA,NA,NA,NA,"N",372701,"B","B","A","B",6.79,0.196666666666667,0.206666666666667,0.045,1.08333333333333,0.106666666666667,1.40333333333333,0.1075
"g128","scaffold_360",2987,NA,NA,NA,NA,NA,NA,NA,"N",372701,"B","B","A","B",10.6466666666667,0.206666666666667,0.41,0.115,1.83666666666667,0.17,1.87333333333333,0.13
"g12831","scaffold_1551",1012,NA,NA,NA,NA,NA,NA,NA,"N",12209,"B","B","B","B",0,0.0133333333333333,0,0.0375,0,0,0,0
"g12832","scaffold_1551",1098,NA,NA,NA,NA,NA,NA,NA,"N",12209,"B","B","B","B",0.0733333333333333,0,0.0166666666666667,0.0425,0,0,0,0
"g12833","scaffold_1551",2674,NA,NA,NA,NA,NA,NA,NA,"N",12209,"B","B","B","B",0.03,0.00333333333333333,0.01,0.0125,0,0.00333333333333333,0,0
"g129","scaffold_360",536,NA,NA,NA,NA,NA,NA,NA,"N",372701,"B","B","A","B",13.4466666666667,0.463333333333333,0.356666666666667,0.2825,1.64333333333333,0.273333333333333,1.85,0.1025
"g130","scaffold_360",1025,NA,"A0A2H4T2S8",NA,NA,NA,NA,NA,"Y",372701,"B","B","A","B",17.86,0.673333333333333,0.323333333333333,0.1725,1.29666666666667,0.0533333333333333,2.54,0.0775
"g131","scaffold_360",1108,NA,NA,NA,NA,NA,NA,NA,"N",372701,"B","B","A","B",11.5566666666667,0.426666666666667,0.226666666666667,0.1975,1.04,0.0366666666666667,1.86666666666667,0.0475
"g132","scaffold_360",1202,NA,NA,NA,NA,NA,NA,NA,"N",372701,"B","B","A","B",11.01,0.253333333333333,0.196666666666667,0.1225,1.41,0.0866666666666667,1.72,0.1175
"g133","scaffold_360",1319,NA,"A0A2H4UXB5",NA,NA,NA,NA,NA,"Y",372701,"B","B","A","B",27.3233333333333,0.576666666666667,0.56,0.415,3.64666666666667,0.246666666666667,4.42,0.165
"g134","scaffold_360",3382,NA,NA,NA,NA,NA,NA,NA,"N",372701,"B","B","A","B",15.4733333333333,1.33333333333333,0.31,0.72,1.41,0.87,2.31666666666667,0.0775
"g135","scaffold_360",1475,NA,"A0A1S5VG57","PF01068","ATP dependent DNA ligase domain","IPR012310","DNA ligase, ATP-dependent, central","GO:0003910;GO:0005524;GO:0006281;GO:0006310","Y",372701,"B","B","A","B",3.02666666666667,0.663333333333333,0.0666666666666667,0.43,0.323333333333333,0.476666666666667,0.456666666666667,0.0275
"g136","scaffold_360",1835,NA,NA,NA,NA,NA,NA,NA,"N",372701,"B","B","A","B",4.14666666666667,5.57333333333333,0.1,2.855,0.51,6.85666666666667,0.786666666666667,0.1275
"g137","scaffold_360",1472,NA,"B7SVD6","PF04639","Baculoviral E56 protein, specific to ODV envelope","IPR006733","Baculovirus occlusion-derived virus envelope, E56","GO:0019031","Y",372701,"B","B","A","B",10.7333333333333,0.436666666666667,0.206666666666667,0.17,1.77333333333333,0.24,1.83333333333333,0.0725
"g138","scaffold_360",270,NA,NA,NA,NA,NA,NA,NA,"N",372701,"B","B","A","B",1.55333333333333,0.82,0,1.15,0.09,0.493333333333333,0.11,0
"g139","scaffold_360",731,NA,NA,NA,NA,NA,NA,NA,"N",372701,"B","B","A","B",4.71,0.15,0.0133333333333333,0.0575,0.653333333333333,0.0366666666666667,1.02666666666667,0.025
"g13953","scaffold_2040",1483,"EP300_HUMAN","A0A3B3RK67","PF08214","Histone acetylation protein","IPR013178","Histone acetyltransferase Rtt109/CBP","GO:0004402;GO:0006355;GO:0016573","Y",6888,"B","B","A","B",0.02,3.43333333333333,0,1.05,0,0.226666666666667,0,0
"g140","scaffold_360",1721,NA,NA,NA,NA,NA,NA,NA,"N",372701,"B","B","A","B",30.65,3.27666666666667,0.736666666666667,1.6475,3.59333333333333,3.01,5.56666666666667,0.2375
"g141","scaffold_360",1496,NA,NA,NA,NA,NA,NA,NA,"N",372701,"B","B","A","B",6.38,0.81,0.156666666666667,0.455,0.846666666666667,1.03333333333333,1.23,0.0225
"g142","scaffold_360",318,NA,NA,NA,NA,NA,NA,NA,"N",372701,"B","B","A","B",0.103333333333333,0,0.06,0,0.06,0,0,0
"g143","scaffold_360",322,NA,NA,NA,NA,NA,NA,NA,"N",372701,"B","B","A","B",0,0,0,0,0,0,0,0
"g144","scaffold_360",1829,NA,NA,NA,NA,NA,NA,NA,"N",372701,"B","B","A","B",9.56333333333333,0.166666666666667,0.233333333333333,0.1625,2.33333333333333,0.1,2.44666666666667,0.1325
"g145","scaffold_360",1844,NA,NA,NA,NA,NA,NA,NA,"N",372701,"B","B","A","B",5.99333333333333,0.1,0.04,0.02,1.30666666666667,0.0466666666666667,1,0.01
"g146","scaffold_360",1916,NA,NA,NA,NA,NA,NA,NA,"N",372701,"B","B","A","B",4.20666666666667,0.166666666666667,0.186666666666667,0.0875,0.79,0.05,1.07333333333333,0.04
"g147","scaffold_360",996,NA,NA,NA,NA,NA,NA,NA,"N",372701,"B","B","A","B",3.45333333333333,0.103333333333333,0.0433333333333333,0.0775,0.503333333333333,0,0.576666666666667,0.035
"g148","scaffold_360",1442,NA,NA,NA,NA,NA,NA,NA,"N",372701,"B","B","A","B",5.08333333333333,0.11,0.153333333333333,0.125,0.636666666666667,0.07,0.96,0.005
"g149","scaffold_360",607,NA,NA,"PF13920","Zinc finger, C3HC4 type (RING finger)",NA,NA,NA,"Y",372701,"B","B","A","B",8.36,0.27,0.566666666666667,0.135,1.87666666666667,0.173333333333333,1.87,0.065
"g150","scaffold_360",2014,NA,NA,"PF13920","Zinc finger, C3HC4 type (RING finger)",NA,NA,NA,"Y",372701,"B","B","A","B",16.94,0.573333333333333,0.546666666666667,0.235,1.84666666666667,0.0866666666666667,2.93,0.07
"g151","scaffold_360",509,NA,NA,NA,NA,NA,NA,NA,"N",372701,"B","B","A","B",0.82,0,0.0266666666666667,0,0.113333333333333,0,0.05,0
"g152","scaffold_360",1535,NA,"A0A1S5VG33","PF05092","Per os infectivity","IPR007784","Per os infectivity factor",NA,"Y",372701,"B","B","A","B",3.06333333333333,0.0466666666666667,0.03,0.035,0.326666666666667,0.0166666666666667,0.416666666666667,0.01
"g153","scaffold_360",821,NA,NA,NA,NA,NA,NA,NA,"N",372701,"B","B","A","B",3.77333333333333,0.0166666666666667,0.106666666666667,0.05,0.526666666666667,0.0533333333333333,0.62,0.0325
"g154","scaffold_360",860,NA,NA,NA,NA,NA,NA,NA,"N",372701,"B","B","A","B",0.673333333333333,0.0333333333333333,0.0133333333333333,0.0125,0.09,0.0333333333333333,0.183333333333333,0
"g155","scaffold_360",3108,NA,NA,NA,NA,NA,NA,NA,"N",372701,"B","B","A","B",21.6666666666667,1.11333333333333,0.966666666666667,0.3775,2.42666666666667,0.256666666666667,3.00666666666667,0.2825
"g156","scaffold_360",3047,NA,"A0A1S5VG25",NA,NA,NA,NA,NA,"Y",372701,"B","B","A","B",3.85666666666667,0.173333333333333,0.0933333333333333,0.0675,0.486666666666667,0.0333333333333333,0.793333333333333,0.035
"g157","scaffold_360",3449,NA,NA,NA,NA,NA,NA,NA,"N",372701,"B","B","A","B",2.48666666666667,0.0966666666666667,0.08,0.0175,0.293333333333333,0.0233333333333333,0.383333333333333,0.0125
"g158","scaffold_360",1676,NA,NA,NA,NA,NA,NA,NA,"N",372701,"B","B","A","B",4,0.0866666666666667,0.123333333333333,0.09,0.736666666666667,0.0433333333333333,0.536666666666667,0.03
"g159","scaffold_360",875,NA,NA,"PF03258","Baculovirus FP protein","IPR004941","Baculovirus FP protein",NA,"Y",372701,"B","B","A","B",8.64333333333333,0.35,0.153333333333333,0.0925,0.736666666666667,0.0266666666666667,1.63333333333333,0.01
"g160","scaffold_360",2741,NA,"B7SVC7","PF01607","Chitin binding Peritrophin-A domain","IPR002557","Chitin binding domain","GO:0005576;GO:0006030;GO:0008061","Y",372701,"B","B","A","B",3.3,0.0833333333333333,0.08,0.0375,0.533333333333333,0.0633333333333333,0.623333333333333,0.04
"g161","scaffold_360",2126,NA,NA,NA,NA,NA,NA,NA,"N",372701,"B","B","A","B",9.55666666666667,0.436666666666667,0.173333333333333,0.0875,1.13,0.0233333333333333,1.69,0.035
"g162","scaffold_360",728,NA,NA,"PF05006","Per os infectivity factor 3","IPR007703","Per os infectivity factor 3",NA,"Y",372701,"B","B","A","B",1.23666666666667,0.0566666666666667,0.0166666666666667,0,0.11,0,0.193333333333333,0.025
"g163","scaffold_360",248,NA,NA,NA,NA,NA,NA,NA,"N",372701,"B","B","A","B",33.47,1.15333333333333,1.32666666666667,0.26,3.15333333333333,0.126666666666667,4.45333333333333,0.265
"g16323","scaffold_1148",725,"KIF23_HUMAN","K7J331","PF00225","Kinesin motor domain","IPR001752","Kinesin motor domain","GO:0003777;GO:0005524;GO:0007018;GO:0008017","Y",19549,"B","B","A","B",0,0,0,0,0,0,0,0
"g16324","scaffold_1148",797,"KIF23_HUMAN","K7J331","PF00225","Kinesin motor domain","IPR001752","Kinesin motor domain","GO:0003777;GO:0005524;GO:0007018;GO:0008017","Y",19549,"B","B","A","B",0,0,0,0,0,0,0,0
"g164","scaffold_360",476,NA,NA,NA,NA,NA,NA,NA,"N",372701,"B","B","A","B",22.64,0.38,0.443333333333333,0.135,2.2,0.203333333333333,4.21666666666667,0.0925
"g165","scaffold_360",260,NA,NA,NA,NA,NA,NA,NA,"N",372701,"B","B","A","B",0.943333333333333,0,0,0,0,0,0.0933333333333333,0
"g166","scaffold_360",2143,NA,NA,NA,NA,NA,NA,NA,"N",372701,"B","B","A","B",4.53666666666667,0.186666666666667,0.12,0.09,0.796666666666667,0.04,0.996666666666667,0.0125
"g167","scaffold_360",1808,NA,"A4L220",NA,NA,NA,NA,NA,"Y",372701,"B","B","A","B",11.56,0.386666666666667,0.403333333333333,0.165,1.69333333333333,0.163333333333333,1.88,0.2225
"g168","scaffold_360",506,NA,NA,NA,NA,NA,NA,NA,"N",372701,"B","B","A","B",8.36333333333333,0.286666666666667,0.32,0.0375,0.446666666666667,0.156666666666667,1.21666666666667,0
"g169","scaffold_360",1067,NA,NA,NA,NA,NA,NA,NA,"N",372701,"B","B","A","B",4.49333333333333,0.106666666666667,0.12,0.1225,0.73,0.0633333333333333,0.856666666666667,0.04
"g170","scaffold_360",587,NA,"A0A2H4T2T7",NA,NA,NA,NA,NA,"Y",372701,"B","B","A","B",1.77333333333333,0,0.0666666666666667,0.035,0.406666666666667,0,0.53,0.0175
"g171","scaffold_360",674,NA,NA,NA,NA,NA,NA,NA,"N",372701,"B","B","A","B",1.53666666666667,0,0,0.025,0.103333333333333,0,0.26,0
"g172","scaffold_360",1756,NA,NA,"PF00268","Ribonucleotide reductase, small chain","IPR000358","Ribonucleotide reductase small subunit family","GO:0055114","Y",372701,"B","B","A","B",38.99,1.33666666666667,0.89,0.2875,3.37333333333333,0.136666666666667,6.34,0.1975
"g173","scaffold_360",815,NA,NA,NA,NA,NA,NA,NA,"N",372701,"B","B","A","B",36.7566666666667,0.57,0.786666666666667,0.2225,4.48666666666667,0.396666666666667,6.01,0.2375
"g174","scaffold_360",2201,NA,"A0A2H4T2P1",NA,NA,NA,NA,NA,"Y",372701,"B","B","A","B",3.95,0.123333333333333,0.143333333333333,0.06,0.38,0.0466666666666667,0.74,0.0025
"g175","scaffold_360",1241,NA,"A4L229","PF04631","Per os infectivity factor 2","IPR006725","Per os infectivity factor 2",NA,"Y",372701,"B","B","A","B",1.66333333333333,0.04,0.06,0.025,0.136666666666667,0,0.263333333333333,0.0125
"g176","scaffold_360",3398,NA,NA,NA,NA,NA,NA,NA,"N",372701,"B","B","A","B",25.4433333333333,0.433333333333333,0.603333333333333,0.34,3.70666666666667,0.283333333333333,4.17666666666667,0.1725
"g177","scaffold_360",530,NA,NA,NA,NA,NA,NA,NA,"N",372701,"B","B","A","B",4.74,0.116666666666667,0.07,0.0525,0.433333333333333,0,0.533333333333333,0.02
"g178","scaffold_360",1507,NA,NA,NA,NA,NA,NA,NA,"N",372701,"B","B","A","B",8.93333333333333,0.343333333333333,0.19,0.135,1.23,0.0333333333333333,1.77333333333333,0.0325
"g179","scaffold_360",1952,NA,NA,NA,NA,NA,NA,NA,"N",372701,"B","B","A","B",26.56,0.696666666666667,0.663333333333333,0.235,3.67666666666667,0.243333333333333,4.11,0.1275
"g180","scaffold_360",1148,NA,NA,NA,NA,NA,NA,NA,"N",372701,"B","B","A","B",19.2833333333333,0.43,0.603333333333333,0.52,2.29333333333333,0.103333333333333,3.69666666666667,0.15
"g181","scaffold_360",1583,NA,NA,NA,NA,NA,NA,NA,"N",372701,"B","B","A","B",32.3833333333333,0.826666666666667,0.69,0.2575,4.7,0.303333333333333,4.64666666666667,0.175
"g18149","scaffold_1646",1622,NA,NA,NA,NA,NA,NA,NA,"N",10988,"B","B","B","B",0.04,0.0233333333333333,0.01,0.005,0,0,0,0
"g182","scaffold_360",2254,NA,NA,NA,NA,NA,NA,NA,"N",372701,"B","B","A","B",11.08,0.28,0.226666666666667,0.14,1.87666666666667,0.19,2.16,0.1125
"g183","scaffold_360",1457,NA,NA,NA,NA,NA,NA,NA,"N",372701,"B","B","A","B",15.1966666666667,0.306666666666667,0.416666666666667,0.2175,2.22,0.14,2.37,0.095
"g184","scaffold_360",2020,NA,"B7SV33",NA,NA,NA,NA,NA,"Y",372701,"B","B","A","B",17.6066666666667,0.346666666666667,0.45,0.2375,2.1,0.186666666666667,2.63,0.105
"g185","scaffold_360",398,NA,NA,NA,NA,NA,NA,NA,"N",372701,"B","B","A","B",50.9466666666667,1.18,1.35333333333333,1.1325,7.20666666666667,0.0966666666666667,10.1,0.19
"g186","scaffold_360",974,NA,NA,NA,NA,NA,NA,NA,"N",372701,"B","B","A","B",12.1633333333333,0.23,0.356666666666667,0.1375,1.72666666666667,0.1,1.97,0.045
"g187","scaffold_360",1958,NA,NA,NA,NA,NA,NA,NA,"N",372701,"B","B","A","B",17.4066666666667,0.343333333333333,0.48,0.235,2.30666666666667,0.146666666666667,2.95,0.125
"g188","scaffold_360",362,NA,NA,NA,NA,NA,NA,NA,"N",372701,"B","B","A","B",123.306666666667,2.67666666666667,3.47666666666667,1.03,16.08,0.743333333333333,19.0466666666667,0.5525
"g189","scaffold_360",1120,NA,NA,NA,NA,NA,NA,NA,"N",372701,"B","B","A","B",25.1066666666667,0.49,0.66,0.3475,2.81333333333333,0.19,3.91333333333333,0.1
"g190","scaffold_360",2024,NA,NA,NA,NA,NA,NA,NA,"N",372701,"B","B","A","B",8.10666666666667,0.166666666666667,0.106666666666667,0.16,1.09,0.0433333333333333,1.11333333333333,0.055
"g19061","scaffold_902",1061,NA,"K7JWY9","PF00078","Reverse transcriptase (RNA-dependent DNA polymerase)","IPR000477","Reverse transcriptase domain",NA,"Y",30666,"B","B","B","B",0,0,0,0,0,0,0,0
"g191","scaffold_360",388,NA,NA,NA,NA,NA,NA,NA,"N",372701,"B","B","A","B",22.8133333333333,0.796666666666667,0.48,0.23,1.95666666666667,0.1,3.89333333333333,0.19
"g19188","scaffold_1124",285,NA,NA,NA,NA,NA,NA,NA,"N",20190,"B","B","A","B",0,0,0,0,0,0,0,0
"g19189","scaffold_1124",2414,NA,NA,NA,NA,NA,NA,NA,"N",20190,"B","B","A","B",0.0366666666666667,0.0566666666666667,0.00333333333333333,0.035,0,0.00666666666666667,0,0
"g19190","scaffold_1124",1792,NA,NA,NA,NA,NA,NA,NA,"N",20190,"B","B","A","B",0.01,0,0.00333333333333333,0.01,0,0,0,0
"g192","scaffold_360",1736,NA,NA,NA,NA,NA,NA,NA,"N",372701,"B","B","A","B",6.97333333333333,0.126666666666667,0.216666666666667,0.05,0.913333333333333,0.02,1.34666666666667,0.0275
"g193","scaffold_360",836,NA,NA,NA,NA,NA,NA,NA,"N",372701,"B","B","A","B",59.2633333333333,1.19333333333333,1.25333333333333,0.8125,7.56333333333334,0.48,8.24666666666667,0.44
"g194","scaffold_360",365,NA,NA,NA,NA,NA,NA,NA,"N",372701,"B","B","A","B",38.57,0.106666666666667,1.14333333333333,0.7175,4.38333333333333,0.113333333333333,5.69,0.115
"g195","scaffold_360",5900,NA,"A0A2H4UX56",NA,NA,NA,NA,NA,"Y",372701,"B","B","A","B",5.5,0.0833333333333333,0.116666666666667,0.06,0.576666666666667,0.0566666666666667,0.89,0.0225
"g196","scaffold_360",1028,NA,NA,NA,NA,NA,NA,NA,"N",372701,"B","B","A","B",12.9866666666667,0.2,0.243333333333333,0.15,1.34333333333333,0.0566666666666667,1.95666666666667,0.06
"g197","scaffold_360",872,NA,NA,NA,NA,NA,NA,NA,"N",372701,"B","B","A","B",27.75,0.54,0.686666666666667,0.325,3.52333333333333,0.29,4.2,0.175
"g198","scaffold_360",464,NA,NA,"PF11792","Baculoviridae late expression factor 5 C-terminal domain","IPR021758","Baculoviridae late expression factor 5, C-terminal",NA,"Y",372701,"B","B","A","B",6.40333333333333,0.143333333333333,0.213333333333333,0.16,0.763333333333333,0.113333333333333,1.18333333333333,0.025
"g199","scaffold_360",2507,NA,NA,NA,NA,NA,NA,NA,"N",372701,"B","B","A","B",2.93333333333333,0.07,0.0733333333333333,0.035,0.523333333333333,0.0533333333333333,0.656666666666667,0.0225
"g200","scaffold_360",1571,NA,NA,NA,NA,NA,NA,NA,"N",372701,"B","B","A","B",68.15,1.40333333333333,1.7,0.7825,9.53666666666667,0.666666666666667,11.2033333333333,0.42
"g20083","scaffold_552",563,NA,NA,NA,NA,NA,NA,NA,"N",189883,"B","B","A","B",0,0,0,0,0,0,0,0
"g20084","scaffold_552",1170,NA,"A0A0J7N8Y6","PF17921","Integrase zinc binding domain","IPR041588","Integrase zinc-binding domain",NA,"Y",189883,"B","B","A","B",0.243333333333333,0.323333333333333,0.0166666666666667,0.1125,0,0,0,0
"g20085","scaffold_552",1087,NA,NA,NA,NA,NA,NA,NA,"N",189883,"B","B","A","B",3.61,2.13,0.996666666666667,1.335,0,0.0133333333333333,0,0
"g20086","scaffold_552",742,NA,NA,NA,NA,NA,NA,NA,"N",189883,"B","B","A","B",0,0,0,0,0,0,0,0
"g20087","scaffold_552",737,NA,NA,NA,NA,NA,NA,NA,"N",189883,"B","B","A","B",0.0433333333333333,0.0533333333333333,0.05,0.0525,0,0,0,0
"g20088","scaffold_552",677,NA,NA,NA,NA,NA,NA,NA,"N",189883,"B","B","A","B",0,0.02,0,0,0,0,0,0
"g20089","scaffold_552",1599,NA,NA,NA,NA,NA,NA,NA,"N",189883,"B","B","A","B",0.0533333333333333,0.08,0,0.0175,0,0,0,0
"g20090","scaffold_552",686,NA,NA,"PF03564","Protein of unknown function (DUF1759)","IPR005312","Protein of unknown function DUF1759",NA,"Y",189883,"B","B","A","B",0.0333333333333333,0.0566666666666667,0.0166666666666667,0,0,0,0,0
"g20091","scaffold_552",1279,NA,NA,NA,NA,NA,NA,NA,"N",189883,"B","B","A","B",0,0,0,0.03,0,0,0,0
"g20092","scaffold_552",2589,NA,"A0A0R3QBG2","PF14529;PF00078","Endonuclease-reverse transcriptase; Reverse transcriptase (RNA-dependent DNA polymerase)","IPR005135;IPR000477","Endonuclease/exonuclease/phosphatase; Reverse transcriptase domain",NA,"Y",189883,"B","B","A","B",0.00666666666666667,0.0133333333333333,0,0,0,0,0,0
"g20093","scaffold_552",1501,NA,NA,NA,NA,NA,NA,NA,"N",189883,"B","B","A","B",0,0,0,0.0075,0,0,0,0
"g20094","scaffold_552",405,NA,NA,NA,NA,NA,NA,NA,"N",189883,"B","B","A","B",0,0,0,0,0,0,0,0
"g20095","scaffold_552",928,NA,NA,NA,NA,NA,NA,NA,"N",189883,"B","B","A","B",0,0.03,0,0,0,0,0,0
"g20096","scaffold_552",526,NA,NA,NA,NA,NA,NA,NA,"N",189883,"B","B","A","B",0,0,0,0,0,0,0.0566666666666667,0.08
"g20097","scaffold_552",552,NA,"T1HLH9",NA,NA,NA,NA,NA,"Y",189883,"B","B","A","B",0,0,0,0,0,0,0,0
"g20098","scaffold_552",1001,NA,NA,NA,NA,NA,NA,NA,"N",189883,"B","B","A","B",0,0,0,0,0,0,0,0
"g20099","scaffold_552",1158,NA,NA,NA,NA,NA,NA,NA,"N",189883,"B","B","A","B",0,0.0233333333333333,0,0,0,0,0,0
"g201","scaffold_360",1136,NA,"A0A2P8Y5M2","PF01359","Transposase (partial DDE domain)","IPR001888","Transposase, type 1",NA,"Y",372701,"B","B","A","B",3.85,0.19,0.0433333333333333,0.0675,0.413333333333333,0.0333333333333333,0.486666666666667,0.0225
"g20100","scaffold_552",3042,NA,"A0A087T926","PF07679;PF10551","Immunoglobulin I-set domain; MULE transposase domain","IPR013098;IPR018289","Immunoglobulin I-set; MULE transposase domain",NA,"Y",189883,"B","B","A","B",0.0266666666666667,0.00666666666666667,0.01,0,0,0,0,0.0025
"g20101","scaffold_552",475,NA,NA,NA,NA,NA,NA,NA,"N",189883,"B","B","A","B",0,0,0,0,0,0,0,0
"g20102","scaffold_552",310,NA,NA,NA,NA,NA,NA,NA,"N",189883,"B","B","A","B",0.06,0,0,0.0525,0,0,0,0
"g20103","scaffold_552",842,NA,"J9L5G6",NA,NA,NA,NA,NA,"Y",189883,"B","B","A","B",0.0633333333333333,0,0,0,0,0,0,0
"g20104","scaffold_552",1025,NA,NA,NA,NA,NA,NA,NA,"N",189883,"B","B","A","B",0.08,0.113333333333333,0.02,0.015,0.0366666666666667,0.0133333333333333,0,0
"g20105","scaffold_552",734,NA,NA,NA,NA,NA,NA,NA,"N",189883,"B","B","A","B",0.0766666666666667,0.0366666666666667,0,0.03,0,0,0,0
"g20106","scaffold_552",1316,"YMD2_CAEEL","A0A151IDY8",NA,NA,NA,NA,NA,"Y",189883,"B","B","A","B",0.02,0.05,0,0.06,0,0,0,0
"g20107","scaffold_552",596,NA,NA,NA,NA,NA,NA,NA,"N",189883,"B","B","A","B",0,0.05,0,0.055,0,0,0,0
"g20108","scaffold_552",2547,NA,"A0A0R3QAL5","PF00665","Integrase core domain","IPR001584","Integrase, catalytic core","GO:0015074","Y",189883,"B","B","A","B",0.02,0.01,0,0.0225,0,0,0,0
"g20109","scaffold_552",341,NA,NA,NA,NA,NA,NA,NA,"N",189883,"B","B","A","B",0,0,0,0,0,0,0,0
"g20110","scaffold_552",641,NA,"D6WQK2",NA,NA,NA,NA,NA,"Y",189883,"B","B","A","B",0,0,0,0,0,0,0,0
"g20111","scaffold_552",965,NA,NA,"PF07679","Immunoglobulin I-set domain","IPR013098","Immunoglobulin I-set",NA,"Y",189883,"B","B","A","B",0.01,0,0.0133333333333333,0,0,0,0,0
"g20112","scaffold_552",971,NA,NA,"PF00047","Immunoglobulin domain","IPR013151","Immunoglobulin",NA,"Y",189883,"B","B","A","B",0.05,0.0266666666666667,0.0566666666666667,0.02,0,0,0,0
"g20113","scaffold_552",227,NA,NA,NA,NA,NA,NA,NA,"N",189883,"B","B","A","B",0,0,0,0,0,0,0,0
"g20114","scaffold_552",569,NA,NA,NA,NA,NA,NA,NA,"N",189883,"B","B","A","B",0.11,0.0533333333333333,0,0.0575,0,0,0,0
"g20115","scaffold_552",482,NA,"J9KK61",NA,NA,NA,NA,NA,"Y",189883,"B","B","A","B",0.0266666666666667,0,0,0,0,0,0,0
"g202","scaffold_360",3710,NA,"A0A2I7G2T7","PF02867","Ribonucleotide reductase, barrel domain","IPR000788","Ribonucleotide reductase large subunit, C-terminal","GO:0006260;GO:0055114","Y",372701,"B","B","A","B",7.63666666666667,0.226666666666667,0.19,0.1575,0.883333333333333,0.0666666666666667,1.22333333333333,0.025
"g203","scaffold_360",1634,NA,NA,NA,NA,NA,NA,NA,"N",372701,"B","B","A","B",10.22,0.276666666666667,0.306666666666667,0.185,1.72666666666667,0.0466666666666667,2.63333333333333,0.105
"g204","scaffold_360",272,NA,NA,NA,NA,NA,NA,NA,"N",372701,"B","B","A","B",12.8333333333333,0.75,0.65,0.07,3.14666666666667,0.1,2.92666666666667,0.27
"g205","scaffold_360",1289,NA,NA,NA,NA,NA,NA,NA,"N",372701,"B","B","A","B",7.34,0.343333333333333,0.16,0.095,0.686666666666667,0.02,1.27333333333333,0.0075
"g206","scaffold_360",365,NA,NA,NA,NA,NA,NA,NA,"N",372701,"B","B","A","B",6.86,0.526666666666667,0.09,0.1275,0.81,0,0.886666666666667,0.035
"g207","scaffold_360",361,NA,NA,NA,NA,NA,NA,NA,"N",372701,"B","B","A","B",2.64333333333333,0.213333333333333,0,0.0325,0.513333333333333,0,0.436666666666667,0
"g20743","scaffold_957",1327,NA,NA,"PF00013;PF09128","KH domain; Regulator of G protein signalling-like domain","IPR004088;IPR015212","K Homology domain, type 1; Regulator of G protein signalling-like domain","GO:0003723;GO:0005089;GO:0005737","Y",26928,"B","B","A","B",15.8733333333333,18.3433333333333,16.21,19.2525,25.6666666666667,36.9733333333333,11.1333333333333,13.6775
"g20744","scaffold_957",372,NA,NA,"PF07690","Major Facilitator Superfamily","IPR011701","Major facilitator superfamily","GO:0016021;GO:0055085","Y",26928,"B","B","A","B",0.67,0.496666666666667,0.65,0.6325,0.5,4.02666666666667,0,0
"g20745","scaffold_957",663,"MAP11_DANRE","A0A482X705",NA,NA,NA,NA,NA,"Y",26928,"B","B","A","B",0.596666666666667,0.4,1.10666666666667,0.4375,1.58333333333333,0.623333333333333,0.0766666666666667,0.07
"g208","scaffold_360",1421,NA,"A0A067R7U8","PF13920;PF00653","Zinc finger, C3HC4 type (RING finger); Inhibitor of Apoptosis domain","IPR001370","BIR repeat",NA,"Y",372701,"B","B","A","B",41.5833333333333,2.49333333333333,1.67,0.6,7.18,0.583333333333333,7.66666666666667,0.3125
"g209","scaffold_360",908,NA,NA,NA,NA,NA,NA,NA,"N",372701,"B","B","A","B",16.51,0.953333333333333,0.28,0.2725,1.89333333333333,0.0633333333333333,3.19,0.115
"g210","scaffold_360",265,NA,NA,NA,NA,NA,NA,NA,"N",372701,"B","B","A","B",0.563333333333333,0,0,0,0,0,0,0
"g211","scaffold_360",327,NA,NA,NA,NA,NA,NA,NA,"N",372701,"B","B","A","B",3.79666666666667,0.51,0,0.0875,0.76,0,1.06,0.085
"g212","scaffold_360",215,NA,NA,NA,NA,NA,NA,NA,"N",372701,"B","B","A","B",1.52,0,0,0,0,0,0,0
"g213","scaffold_360",632,NA,NA,NA,NA,NA,NA,NA,"N",372701,"B","B","A","B",15.1466666666667,0.303333333333333,0.353333333333333,0.275,2.04666666666667,0.0733333333333333,1.75,0.0775
"g214","scaffold_360",3353,NA,NA,NA,NA,NA,NA,NA,"N",372701,"B","B","A","B",10.45,0.176666666666667,0.29,0.1175,1.27333333333333,0.103333333333333,1.64,0.0775
"g215","scaffold_360",569,NA,NA,NA,NA,NA,NA,NA,"N",372701,"B","B","A","B",15.7133333333333,0.213333333333333,0.453333333333333,0.1275,1.62333333333333,0.113333333333333,2.12666666666667,0.0525
"g2155","scaffold_887",3164,NA,"J9KIL6",NA,NA,NA,NA,NA,"Y",31880,"B","B","A","B",0.0266666666666667,0.0266666666666667,0.04,0.0375,0,0,0,0
"g216","scaffold_360",2816,NA,NA,NA,NA,NA,NA,NA,"N",372701,"B","B","A","B",13.0366666666667,0.18,0.323333333333333,0.145,1.72666666666667,0.166666666666667,2.19333333333333,0.085
"g217","scaffold_360",2765,NA,NA,NA,NA,NA,NA,NA,"N",372701,"B","B","A","B",5.52666666666667,0.166666666666667,0.196666666666667,0.085,0.893333333333333,0.0433333333333333,0.91,0.02
"g218","scaffold_360",3115,NA,NA,NA,NA,NA,NA,NA,"N",372701,"B","B","A","B",6.63333333333333,0.256666666666667,0.21,0.0975,0.94,0.09,1.26333333333333,0.06
"g219","scaffold_360",3802,NA,NA,NA,NA,NA,NA,NA,"N",372701,"B","B","A","B",37.57,0.88,1.04,0.435,5.34666666666667,0.36,6.04666666666667,0.2625
"g220","scaffold_360",731,NA,NA,NA,NA,NA,NA,NA,"N",372701,"B","B","A","B",7.80333333333333,0.213333333333333,0.18,0.15,1.12333333333333,0.02,0.973333333333333,0.0625
"g221","scaffold_360",2249,NA,"B7SVB7",NA,NA,NA,NA,NA,"Y",372701,"B","B","A","B",3.67666666666667,0.13,0.116666666666667,0.0625,0.556666666666667,0.0233333333333333,0.76,0.0275
"g222","scaffold_360",593,NA,NA,"PF05820","Baculoviridae AC81","IPR008563","Protein AC81, baculovirus",NA,"Y",372701,"B","B","A","B",3.96333333333333,0.0766666666666667,0.04,0.08,0.416666666666667,0,0.563333333333333,0.0325
"g223","scaffold_360",230,NA,NA,NA,NA,NA,NA,NA,"N",372701,"B","B","A","B",2.58666666666667,0,0.336666666666667,0.195,0.533333333333333,0,0.66,0
"g224","scaffold_360",1226,NA,NA,NA,NA,NA,NA,NA,"N",372701,"B","B","A","B",60.4233333333333,2.54666666666667,1.94333333333333,0.46,4.64333333333333,0.08,7.83333333333333,0.1125
"g225","scaffold_360",1372,NA,NA,NA,NA,NA,NA,NA,"N",372701,"B","B","A","B",20.9733333333333,1.07333333333333,0.48,0.21,2.05,0.0566666666666667,2.91666666666667,0.1775
"g226","scaffold_360",2471,NA,NA,NA,NA,NA,NA,NA,"N",372701,"B","B","A","B",2.66,0.11,0.106666666666667,0.02,0.263333333333333,0.0266666666666667,0.273333333333333,0.035
"g227","scaffold_360",2585,NA,NA,NA,NA,NA,NA,NA,"N",372701,"B","B","A","B",9.5,0.44,0.256666666666667,0.15,0.84,0.0533333333333333,1.43666666666667,0.0575
"g228","scaffold_360",1008,NA,NA,NA,NA,NA,NA,NA,"N",372701,"B","B","A","B",16.16,11.83,14.11,14.0575,17.76,10.2,12.06,8.7475
"g23135","scaffold_932",122,NA,NA,NA,NA,NA,NA,NA,"N",28592,"B","B","A","B",3.29333333333333,7.78,2.60333333333333,2.24,0,0,0,0
"g2644","scaffold_786",4614,"PGBD4_HUMAN","X1X046","PF13843","Transposase IS4","IPR029526","PiggyBac transposable element-derived protein",NA,"Y",48770,"B","B","A","B",0.643333333333333,0.38,0.64,0.895,2.01666666666667,2.25,1.29,2.755
"g4636","scaffold_2174",664,NA,NA,NA,NA,NA,NA,NA,"N",5755,"B","B","A","B",0.0833333333333333,0.376666666666667,0.0533333333333333,0.295,0.0366666666666667,0.653333333333333,0,0
"g4788","scaffold_1271",222,NA,NA,NA,NA,NA,NA,NA,"N",17114,"B","B","A","B",0.246666666666667,0.136666666666667,0.476666666666667,0,0,0,0,0
"g818","scaffold_1226",1067,NA,NA,NA,NA,NA,NA,NA,"N",17908,"B","B","A","B",0,0,0,0.045,0,0,0,0
"g819","scaffold_1226",1096,NA,NA,NA,NA,NA,NA,NA,"N",17908,"B","B","A","B",0.0466666666666667,0.0533333333333333,0,0.02,0,0,0,0
"g820","scaffold_1226",2000,NA,NA,NA,NA,NA,NA,NA,"N",17908,"B","B","A","B",0,0.0133333333333333,0,0.0075,0,0,0,0
"g83","scaffold_360",166,NA,NA,NA,NA,NA,NA,NA,"N",372701,"B","B","A","B",5.77333333333333,0.37,1.51,1.6675,1.65,0,0.783333333333333,1.0175
"g84","scaffold_360",714,NA,NA,NA,NA,NA,NA,NA,"N",372701,"B","B","A","B",26.87,59.6433333333333,20.73,40.7225,14.98,33.3733333333333,8.62666666666667,19.9625
"g85","scaffold_360",1746,NA,"J9L0E4","PF10551","MULE transposase domain","IPR018289","MULE transposase domain",NA,"Y",372701,"B","B","A","B",1.54666666666667,3,0.41,0.825,1.43333333333333,1.16333333333333,0.993333333333333,1.39
"g86","scaffold_360",745,NA,NA,NA,NA,NA,NA,NA,"N",372701,"B","B","A","B",0.97,0.0566666666666667,0.0733333333333333,0.01,0.1,0.05,0.17,0.025
"g87","scaffold_360",1673,NA,NA,NA,NA,NA,NA,NA,"N",372701,"B","B","A","B",6.22,0.496666666666667,0.183333333333333,0.16,0.823333333333333,0.103333333333333,1.06,0.0775
"g88","scaffold_360",1055,NA,NA,NA,NA,NA,NA,NA,"N",372701,"B","B","A","B",3.15,3.65,0.336666666666667,0.7475,0.346666666666667,0.14,0.16,0.09
"g89","scaffold_360",1781,NA,NA,NA,NA,NA,NA,NA,"N",372701,"B","B","A","B",25.57,1.06,0.623333333333333,0.33,2.03333333333333,0.116666666666667,3.11333333333333,0.0725
"g90","scaffold_360",785,NA,NA,NA,NA,NA,NA,NA,"N",372701,"B","B","A","B",1.83,1.67,0.16,0.2875,0.223333333333333,0.09,0.1,0.065
"g91","scaffold_360",537,NA,NA,NA,NA,NA,NA,NA,"N",372701,"B","B","A","B",12.7733333333333,5.93666666666667,1.59666666666667,1.1975,1.88666666666667,0.726666666666667,1.73,0.14
"g92","scaffold_360",1775,NA,NA,NA,NA,NA,NA,NA,"N",372701,"B","B","A","B",2.86333333333333,0.06,0.0666666666666667,0.025,0.25,0.02,0.45,0.0375
"g93","scaffold_360",859,NA,NA,"PF13920","Zinc finger, C3HC4 type (RING finger)",NA,NA,NA,"Y",372701,"B","B","A","B",10.5033333333333,0.5,0.226666666666667,0.11,1.75333333333333,0.0333333333333333,1.93333333333333,0.0875
"g94","scaffold_360",1494,NA,NA,"PF02373","JmjC domain, hydroxylase","IPR003347","JmjC domain",NA,"Y",372701,"B","B","A","B",2.62333333333333,0.286666666666667,0.13,0.0475,0.42,0.0866666666666667,0.326666666666667,0.0725
"g95","scaffold_360",1417,NA,NA,NA,NA,NA,NA,NA,"N",372701,"B","B","A","B",13.2133333333333,0.683333333333333,0.496666666666667,0.17,1.31666666666667,0.0866666666666667,2.30666666666667,0.08
"g96","scaffold_360",413,NA,NA,NA,NA,NA,NA,NA,"N",372701,"B","B","A","B",32.46,0.863333333333333,1.31333333333333,0.705,5.48,0.553333333333333,4.85,0.2625
"g97","scaffold_360",590,NA,NA,NA,NA,NA,NA,NA,"N",372701,"B","B","A","B",1.05,0.22,0.06,0.135,0.246666666666667,0.26,0.183333333333333,0.4375
"g98","scaffold_360",976,"DCR1_DROME","A0A067QYQ9","PF00636","Ribonuclease III domain","IPR000999","Ribonuclease III domain","GO:0004525;GO:0006396","Y",372701,"B","B","A","B",21.9466666666667,37.8433333333333,13.6833333333333,18.5,14.1466666666667,21.8466666666667,10.35,14.8975
"g99","scaffold_360",234,NA,NA,NA,NA,NA,NA,NA,"N",372701,"B","B","A","B",28.42,50.5433333333333,20.4466666666667,20.7525,18.13,26.3433333333333,13.0733333333333,15.87
"g11594","scaffold_2240",257,NA,NA,NA,NA,NA,NA,NA,"N",5214,"Bc","A","B","A",0,0,0.17,0,0.146666666666667,0.176666666666667,0.216666666666667,0
"g11624","scaffold_1060",2894,"PAIN_DROME","A0A482WJY3","PF12796;PF13606;PF00520","Ankyrin repeats (3 copies); Ankyrin repeat; Ion transport protein","IPR020683;IPR002110;IPR005821","Ankyrin repeat-containing domain; Ankyrin repeat; Ion transport domain","GO:0005515;GO:0005216;GO:0006811;GO:0016020;GO:0055085","Y",22546,"Bc","A","A","B",0,0,0.146666666666667,0.01,0.18,0.0133333333333333,0,0
"g11625","scaffold_1060",2252,"PAIN_DROME","A0A482WJY3","PF00520;PF12796;PF13637","Ion transport protein; Ankyrin repeats (3 copies); Ankyrin repeats (many copies)","IPR005821;IPR020683","Ion transport domain; Ankyrin repeat-containing domain","GO:0005216;GO:0006811;GO:0016020;GO:0055085","Y",22546,"Bc","A","A","B",0,0,0.0866666666666667,0,0.173333333333333,0.0266666666666667,0.0233333333333333,0.0075
"g1205","scaffold_1495",236,NA,NA,NA,NA,NA,NA,NA,"N",13125,"Bc","B","A","A",0,0,0,0,0,0,0,0
"g1206","scaffold_1495",836,NA,NA,"PF03258","Baculovirus FP protein","IPR004941","Baculovirus FP protein",NA,"Y",13125,"Bc","B","A","A",0,0,0,0.0425,0.09,0.0333333333333333,0.746666666666667,0.145
"g1207","scaffold_2293",95,NA,NA,NA,NA,NA,NA,NA,"N",4891,"Bc","A","A","B",0,0,0,0,0,0,0,0
"g1208","scaffold_2293",283,"FAS_CHICK","A0A2J7PFW7",NA,NA,NA,NA,NA,"Y",4891,"Bc","A","A","B",4.65333333333333,8.03,8.34666666666667,8.3725,0,0.273333333333333,0,0
"g12541","scaffold_2066",1166,"RDX_DROME","A0A484BP37","PF00651","BTB/POZ domain","IPR000210","BTB/POZ domain","GO:0005515","Y",6652,"Bc","A","B","A",0.0133333333333333,0.293333333333333,0.01,0.135,0.0366666666666667,0,0,0.1025
"g12655","scaffold_746",245,NA,NA,"PF00128","Alpha amylase, catalytic domain","IPR006047","Glycosyl hydrolase, family 13, catalytic domain","GO:0003824;GO:0005975","Y",63285,"Bc","Bc","A","A",0.183333333333333,0,0,0.16,0,0,1.03333333333333,0.0775
"g12656","scaffold_746",620,NA,"J9K4K7",NA,NA,NA,NA,NA,"Y",63285,"Bc","Bc","A","A",0.0766666666666667,0.233333333333333,0,0,0,0,0,0
"g12657","scaffold_746",530,"MAL1_DROVI","J9M7C8","PF00128","Alpha amylase, catalytic domain","IPR006047","Glycosyl hydrolase, family 13, catalytic domain","GO:0003824;GO:0005975","Y",63285,"Bc","Bc","A","A",0.186666666666667,0.146666666666667,0,0,0.173333333333333,0,0.07,0
"g12658","scaffold_746",1354,"MAL2_DROVI","A0A482WPG2","PF00128","Alpha amylase, catalytic domain","IPR006047","Glycosyl hydrolase, family 13, catalytic domain","GO:0003824;GO:0005975","Y",63285,"Bc","Bc","A","A",3.73666666666667,0.266666666666667,0.0566666666666667,0,0.143333333333333,0,0.0733333333333333,0.0275
"g12981","scaffold_1594",641,NA,NA,NA,NA,NA,NA,NA,"N",11639,"Bc","A","A","B",0,0.16,0,0.0275,0,0.0466666666666667,0,0
"g13785","scaffold_1694",304,NA,NA,NA,NA,NA,NA,NA,"N",10246,"Bc","Bc","A","B",0.0633333333333333,0.07,0,0,0,0,0,0
"g13962","scaffold_632",337,NA,NA,NA,NA,NA,NA,NA,"N",119487,"Bc","Bc","A","A",137.176666666667,10.65,158.08,71.215,67.8866666666667,6.34333333333333,102.923333333333,17.58
"g13963","scaffold_632",221,NA,NA,NA,NA,NA,NA,NA,"N",119487,"Bc","Bc","A","A",3.91666666666667,5.05,2.88666666666667,9.8225,2.92333333333333,8.16,4.78666666666667,8.46
"g13964","scaffold_632",686,NA,NA,"PF15998","Domain of unknown function (DUF4773)","IPR031941","Domain of unknown function DUF4773",NA,"Y",119487,"Bc","Bc","A","A",4.02,10.5766666666667,5.23666666666667,9.0675,3.76,8.13666666666667,4.57666666666667,8.835
"g13965","scaffold_632",618,NA,"A0A3Q0IT39","PF15998","Domain of unknown function (DUF4773)","IPR031941","Domain of unknown function DUF4773",NA,"Y",119487,"Bc","Bc","A","A",5.50666666666667,29.2033333333333,13.3,18.335,3.24333333333333,27.3366666666667,6.03666666666667,22.7675
"g13966","scaffold_632",210,NA,NA,NA,NA,NA,NA,NA,"N",119487,"Bc","Bc","A","A",0,0,0,0.2475,0,0,0,0
"g13967","scaffold_632",402,NA,NA,NA,NA,NA,NA,NA,"N",119487,"Bc","Bc","A","A",0,0,0,0,0,0,0,0
"g15850","scaffold_1514",908,NA,NA,NA,NA,NA,NA,NA,"N",12816,"Bc","A","A","B",0,0,0,0,0,0,0,0
"g15851","scaffold_1514",2339,NA,"J9K4F9",NA,NA,NA,NA,NA,"Y",12816,"Bc","A","A","B",0.00666666666666667,0,0.00333333333333333,0.0025,0,0,0,0
"g1595","scaffold_1845",321,"SULF1_DROME","A0A482X3I3","PF00884","Sulfatase","IPR000917","Sulfatase, N-terminal","GO:0008484","Y",8684,"Bc","A","B","A",0,0,0.0966666666666667,0,0,0,0,0
"g16021","scaffold_1048",217,NA,NA,NA,NA,NA,NA,NA,"N",23062,"Bc","Bc","A","A",0,0,0.51,0.255,0,0,0.2,0.2275
"g16022","scaffold_1048",1298,NA,NA,"PF02902","Ulp1 protease family, C-terminal catalytic domain","IPR003653","Ulp1 protease family, C-terminal catalytic domain","GO:0006508;GO:0008234","Y",23062,"Bc","Bc","A","A",0.00666666666666667,0.133333333333333,0.126666666666667,0.175,0.0333333333333333,0.526666666666667,0,0.2025
"g16023","scaffold_1048",935,NA,NA,NA,NA,NA,NA,NA,"N",23062,"Bc","Bc","A","A",0.0133333333333333,0.28,0,0.06,0.04,1.03,0.01,0.4375
"g16455","scaffold_1425",3374,"PAIN_DROME","A0A482WJY3","PF00520;PF12796","Ion transport protein; Ankyrin repeats (3 copies)","IPR005821;IPR020683","Ion transport domain; Ankyrin repeat-containing domain","GO:0005216;GO:0006811;GO:0016020;GO:0055085","Y",14282,"Bc","A","A","B",2.44,0.156666666666667,3.81333333333333,0.9,10.9233333333333,1.39333333333333,0,0
"g16456","scaffold_1425",788,NA,"A0A2P8Z590","PF00520","Ion transport protein","IPR005821","Ion transport domain","GO:0005216;GO:0006811;GO:0016020;GO:0055085","Y",14282,"Bc","A","A","B",0.106666666666667,0,0,0,0.136666666666667,0,0.156666666666667,0.015
"g16457","scaffold_1494",1508,NA,NA,NA,NA,NA,NA,NA,"N",13181,"Bc","A","B","A",4.87333333333333,0.736666666666667,6.97333333333333,4.9125,8.91333333333333,1.66333333333333,0.0266666666666667,0
"g17313","scaffold_1287",313,NA,NA,NA,NA,NA,NA,NA,"N",16872,"Bc","A","B","A",0.176666666666667,0.466666666666667,0.293333333333333,0.215,0,0,0,0
"g17418","scaffold_1288",299,NA,NA,NA,NA,NA,NA,NA,"N",16861,"Bc","Bc","A","A",0,0,0,0.0625,0.0566666666666667,0.07,0.0666666666666667,0
"g17419","scaffold_1288",1704,NA,"A0A087T1E7","PF13358","DDE superfamily endonuclease","IPR038717","Tc1-like transposase, DDE domain",NA,"Y",16861,"Bc","Bc","A","A",0,0.00666666666666667,0,0,0,0,0,0
"g17420","scaffold_1288",285,NA,NA,NA,NA,NA,NA,NA,"N",16861,"Bc","Bc","A","A",0.81,0,0.25,0,1.99,0.266666666666667,2.81666666666667,0.055
"g17647","scaffold_1472",1013,NA,"D7EID9","PF08398","Parvovirus coat protein VP1","IPR013607","Parvovirus coat protein VP1, N-terminal","GO:0005198","Y",13446,"Bc","Bc","A","B",0.183333333333333,0.176666666666667,0.176666666666667,0.13,0,0.0133333333333333,0,0.01
"g17648","scaffold_1472",803,NA,"A0A0R3Q550",NA,NA,NA,NA,NA,"Y",13446,"Bc","Bc","A","B",0.0966666666666667,0.113333333333333,0.07,0.095,0,0,0,0
"g17649","scaffold_1472",488,NA,NA,NA,NA,NA,NA,NA,"N",13446,"Bc","Bc","A","B",0.103333333333333,0.2,0.256666666666667,0.08,0.03,0,0.163333333333333,0.5075
"g17650","scaffold_1472",1800,NA,"A0A0R3Q943",NA,NA,NA,NA,NA,"Y",13446,"Bc","Bc","A","B",0.07,0.13,0.04,0.0425,0.00666666666666667,0.00666666666666667,0.02,0.0775
"g17651","scaffold_1472",374,NA,NA,NA,NA,NA,NA,NA,"N",13446,"Bc","Bc","A","B",0.0833333333333333,0.356666666666667,0.27,0,0,0,0,0
"g17652","scaffold_1472",374,NA,NA,NA,NA,NA,NA,NA,"N",13446,"Bc","Bc","A","B",0.17,0.24,0.166666666666667,0.2525,0,0,0,0
"g17661","scaffold_1508",267,NA,"A0A482VIA6",NA,NA,NA,NA,NA,"Y",12965,"Bc","A","B","B",0,0,3.82333333333333,5.005,0,0,0,0
"g17662","scaffold_1508",1823,"SUCB2_COLLI","R4G3Z4","PF08442","ATP-grasp domain","IPR013650","ATP-grasp fold, succinyl-CoA synthetase-type",NA,"Y",12965,"Bc","A","B","B",0,0,14.2333333333333,17.6375,0,0,0,0
"g17663","scaffold_1508",847,NA,NA,NA,NA,NA,NA,NA,"N",12965,"Bc","A","B","B",0,0,0,0.0675,0,0,0,0.025
"g17664","scaffold_1508",1238,"RM38_MOUSE","A0A067QJE0","PF01161","Phosphatidylethanolamine-binding protein","IPR008914","Phosphatidylethanolamine-binding protein",NA,"Y",12965,"Bc","A","B","B",9.86333333333333,7.73,16.0866666666667,17.4025,13.1633333333333,13.1966666666667,15.3133333333333,13.6575
"g17665","scaffold_1508",205,NA,NA,NA,NA,NA,NA,NA,"N",12965,"Bc","A","B","B",0,0,0.423333333333333,0.2375,0,0.00333333333333333,0.0366666666666667,0.0775
"g18153","scaffold_1720",285,"CPR3_CAEEL",NA,"PF00112","Papain family cysteine protease","IPR000668","Peptidase C1A, papain C-terminal","GO:0006508;GO:0008234","Y",10031,"Bc","A","B","A",0.233333333333333,0,0.09,0,0.11,0,0.13,0
"g18403","scaffold_2165",2321,NA,NA,NA,NA,NA,NA,NA,"N",5828,"Bc","B","A","A",0.803333333333333,0.893333333333333,0.426666666666667,0.685,0.07,0.0933333333333333,0.0566666666666667,0.1175
"g18439","scaffold_1579",577,"CSN4_DANRE","A0A2J7R0G0","PF18420;PF01399","CSN4/RPN5/eIF3a helix turn helix domain; PCI domain","IPR041406;IPR000717","COP9 signalosome complex subunit 4, helix turn helix domain; Proteasome component (PCI) domain",NA,"Y",11810,"Bc","A","A","B",11.22,16.8766666666667,10.7,12.3925,0,0,0,0
"g18800","scaffold_1581",1289,NA,"J9MAL5",NA,NA,NA,NA,NA,"Y",11805,"Bc","Bc","A","A",4.69666666666667,0.753333333333333,1.47333333333333,0.1325,16.11,3.72,14.34,2.6575
"g18899","scaffold_1628",291,NA,NA,"PF00135","Carboxylesterase family","IPR002018","Carboxylesterase, type B",NA,"Y",11208,"Bc","A","B","A",0.126666666666667,0,55.35,4.195,0.0733333333333333,0,0,0
"g19056","scaffold_1615",1536,"RTXE_DROME","J9LYS0","PF14529","Endonuclease-reverse transcriptase","IPR005135","Endonuclease/exonuclease/phosphatase",NA,"Y",11300,"Bc","A","B","A",0,0,0,0,0,0,0,0
"g19900","scaffold_1249",389,NA,NA,NA,NA,NA,NA,NA,"N",17498,"Bc","A","B","A",0,0,0,0,0,0,0,0
"g20836","scaffold_1546",595,NA,NA,NA,NA,NA,NA,NA,"N",12256,"Bc","A","A","B",0,0,0,0,0,0,0,0
"g2085","scaffold_1034",601,NA,NA,NA,NA,NA,NA,NA,"N",23666,"Bc","Bc","A","A",0,0,0,0,0,0,0,0.04
"g2086","scaffold_1034",1255,NA,NA,NA,NA,NA,NA,NA,"N",23666,"Bc","Bc","A","A",0.0766666666666667,0.116666666666667,0.06,0.1175,0.09,0.143333333333333,0.103333333333333,0.1525
"g2087","scaffold_1034",2459,NA,NA,NA,NA,NA,NA,NA,"N",23666,"Bc","Bc","A","A",0.0533333333333333,0.0733333333333333,0.0633333333333333,0.085,0.126666666666667,0.0433333333333333,0.103333333333333,0.05
"g21355","scaffold_992",751,NA,NA,NA,NA,NA,NA,NA,"N",25457,"Bc","Bc","A","A",7.33,21.3733333333333,8.79,13.925,29.36,36.4766666666667,26.53,33.68
"g21356","scaffold_992",244,NA,NA,NA,NA,NA,NA,NA,"N",25457,"Bc","Bc","A","A",0,0,0,0,0,0,0,0
"g21357","scaffold_992",300,NA,NA,"PF12906","RING-variant domain","IPR011016","Zinc finger, RING-CH-type","GO:0008270","Y",25457,"Bc","Bc","A","A",0,0.226666666666667,0.0533333333333333,1.57,0,0.54,0,1.225
"g2152","scaffold_1275",446,NA,NA,NA,NA,NA,NA,NA,"N",17055,"Bc","B","A","A",0.39,0.453333333333333,0.226666666666667,0.2325,0.7,0.1,0.356666666666667,0.1625
"g2153","scaffold_1275",1472,NA,NA,NA,NA,NA,NA,NA,"N",17055,"Bc","B","A","A",0.0133333333333333,0.193333333333333,0,0.175,0,0.01,0,0
"g2154","scaffold_1275",496,NA,NA,NA,NA,NA,NA,NA,"N",17055,"Bc","B","A","A",0,0,0,0,0,0,0,0
"g21652","scaffold_1385",315,NA,NA,NA,NA,NA,NA,NA,"N",14969,"Bc","A","A","B",0,0,0.113333333333333,0,0,0,0,0
"g22244","scaffold_874",1174,NA,NA,NA,NA,NA,NA,NA,"N",33392,"Bc","Bc","A","A",0.53,8.64666666666667,0.0933333333333333,5.4075,0.626666666666667,8.91666666666667,0.443333333333333,7.5575
"g22245","scaffold_874",891,NA,"A0A482VZ22","PF00650","CRAL/TRIO domain","IPR001251","CRAL-TRIO lipid binding domain",NA,"Y",33392,"Bc","Bc","A","A",152.46,84.2566666666667,175.62,93.3775,156.996666666667,80.17,143.613333333333,68.2275
"g22525","scaffold_551",1307,NA,NA,NA,NA,NA,NA,NA,"N",189885,"Bc","Bc","A","A",0.00666666666666667,0.143333333333333,0,0.015,0,0,0,0
"g22526","scaffold_551",1411,NA,NA,NA,NA,NA,NA,NA,"N",189885,"Bc","Bc","A","A",2.24666666666667,0.61,5.17666666666667,2.3725,0.74,0.333333333333333,0.536666666666667,0.2725
"g22527","scaffold_551",1580,NA,NA,"PF03564","Protein of unknown function (DUF1759)","IPR005312","Protein of unknown function DUF1759",NA,"Y",189885,"Bc","Bc","A","A",0,0,0,0,0,0,0,0
"g22528","scaffold_551",686,NA,NA,"PF18701;PF05585","Family of unknown function (DUF5641); Putative peptidase (DUF1758)","IPR040676;IPR008737","Domain of unknown function DUF5641; Peptidase aspartic, putative",NA,"Y",189885,"Bc","Bc","A","A",0.07,0.25,0.0233333333333333,0.5275,0,0,0,0
"g22529","scaffold_551",2465,"CC186_MOUSE","A0A2J7PG99",NA,NA,NA,NA,NA,"Y",189885,"Bc","Bc","A","A",12.5533333333333,14.2533333333333,12.0766666666667,12.63,11.6433333333333,14.5966666666667,11.1,14.3425
"g22530","scaffold_551",1732,"RNF44_RAT,RNF44_DANRE","A0A482XGH4","PF13639","Ring finger domain","IPR001841","Zinc finger, RING-type",NA,"Y",189885,"Bc","Bc","A","A",18.94,39.9266666666667,19.8066666666667,38.1775,19.3533333333333,41.55,19.77,46.14
"g22531","scaffold_551",2982,"IDE_HUMAN","A0A067RBB4","PF00675;PF16187;PF05193","Insulinase (Peptidase family M16); Middle or third domain of peptidase_M16; Peptidase M16 inactive domain","IPR011765;IPR032632;IPR007863","Peptidase M16, N-terminal; Peptidase M16, middle/third domain; Peptidase M16, C-terminal",NA,"Y",189885,"Bc","Bc","A","A",51.7266666666667,117.373333333333,53.4666666666667,110.57,51.2633333333333,114.48,49.9666666666667,125.1175
"g22532","scaffold_551",400,NA,NA,NA,NA,NA,NA,NA,"N",189885,"Bc","Bc","A","A",0,0.0233333333333333,0.0366666666666667,0.0175,0.04,0.103333333333333,0.123333333333333,0.245
"g22533","scaffold_551",845,"SDHB_DROME","A0A067RP06","PF13085;PF13534","2Fe-2S iron-sulfur cluster binding domain; 4Fe-4S dicluster domain","IPR025192","Succinate dehydogenase/fumarate reductase N-terminal","GO:0009055;GO:0051536","Y",189885,"Bc","Bc","A","A",184.893333333333,160.41,194.816666666667,155.8225,186.683333333333,169.773333333333,180.316666666667,158.36
"g22534","scaffold_551",1038,"YDJ1_CAEEL","J9JMQ3","PF03096","Ndr family","IPR004142","NDRG",NA,"Y",189885,"Bc","Bc","A","A",30.5933333333333,41.8466666666667,22.24,33.995,25.8233333333333,37.5933333333333,29.81,36.5225
"g22535","scaffold_551",653,NA,NA,NA,NA,NA,NA,NA,"N",189885,"Bc","Bc","A","A",0.116666666666667,1251.53666666667,0.0366666666666667,1008.17,0.0666666666666667,1449.80333333333,0,1209.6225
"g22826","scaffold_1114",234,NA,NA,NA,NA,NA,NA,NA,"N",20570,"Bc","Bc","A","B",0,0,0,0,0,0,0,0
"g23002","scaffold_529",300,NA,NA,NA,NA,NA,NA,NA,"N",204171,"Bc","Bc","A","A",0,0,0,0,0,0,0.0633333333333333,0.3475
"g23003","scaffold_529",822,NA,NA,"PF02949","7tm Odorant receptor","IPR004117","Olfactory receptor, insect","GO:0004984;GO:0005549;GO:0007608;GO:0016020","Y",204171,"Bc","Bc","A","A",4.41666666666667,3.28333333333333,3.24666666666667,2.215,0.986666666666667,1.61,1.88333333333333,2.495
"g23004","scaffold_529",890,NA,NA,"PF02949","7tm Odorant receptor","IPR004117","Olfactory receptor, insect","GO:0004984;GO:0005549;GO:0007608;GO:0016020","Y",204171,"Bc","Bc","A","A",0.713333333333333,0.66,0.36,0.6975,1.53666666666667,1.98333333333333,0.323333333333333,0.3425
"g23005","scaffold_529",987,NA,NA,NA,NA,NA,NA,NA,"N",204171,"Bc","Bc","A","A",0.106666666666667,0.643333333333333,0.16,0.515,0.943333333333333,2.53333333333333,0.0133333333333333,0.02
"g23006","scaffold_529",752,NA,NA,NA,NA,NA,NA,NA,"N",204171,"Bc","Bc","A","A",0,0,0,0,0,0,0,0
"g23007","scaffold_529",854,NA,NA,"PF00026","Eukaryotic aspartyl protease","IPR033121","Peptidase family A1 domain",NA,"Y",204171,"Bc","Bc","A","A",0,0.31,0,0.0775,0.0733333333333333,0.47,0,0
"g23008","scaffold_529",2003,NA,NA,"PF00026","Eukaryotic aspartyl protease","IPR033121","Peptidase family A1 domain",NA,"Y",204171,"Bc","Bc","A","A",0.156666666666667,0.136666666666667,0.136666666666667,0.185,0.0633333333333333,0.06,0.08,0.03
"g23009","scaffold_529",887,NA,"A0A165ZFZ6","PF09820","Predicted AAA-ATPase","IPR018631","AAA-ATPase-like domain",NA,"Y",204171,"Bc","Bc","A","A",0.783333333333333,0.103333333333333,0.5,0.2975,0.166666666666667,0.27,0.306666666666667,0.065
"g23010","scaffold_529",1004,NA,NA,NA,NA,NA,NA,NA,"N",204171,"Bc","Bc","A","A",0.453333333333333,0.14,0.746666666666667,0.3675,0.273333333333333,0.0466666666666667,0,0
"g23011","scaffold_529",1175,NA,NA,"PF02949","7tm Odorant receptor","IPR004117","Olfactory receptor, insect","GO:0004984;GO:0005549;GO:0007608;GO:0016020","Y",204171,"Bc","Bc","A","A",0,0.02,0,0.0075,0.03,0,0,0
"g23012","scaffold_529",2755,"ARSB_RAT","D2A206","PF00884","Sulfatase","IPR000917","Sulfatase, N-terminal","GO:0008484","Y",204171,"Bc","Bc","A","A",0,0,0,0.0025,0.00333333333333333,0,0,0
"g23013","scaffold_529",719,NA,NA,"PF03258","Baculovirus FP protein","IPR004941","Baculovirus FP protein",NA,"Y",204171,"Bc","Bc","A","A",0,0,0,0,0,0,0,0
"g23014","scaffold_529",372,NA,NA,NA,NA,NA,NA,NA,"N",204171,"Bc","Bc","A","A",0,0.0466666666666667,0,0.08,0,0.0433333333333333,0,0
"g23015","scaffold_529",484,NA,NA,NA,NA,NA,NA,NA,"N",204171,"Bc","Bc","A","A",14.28,9.64666666666667,11.1866666666667,13.575,24.0633333333333,25.6,0.116666666666667,0.055
"g23391","scaffold_1768",2182,NA,"J9LQI3",NA,NA,NA,NA,NA,"Y",9394,"Bc","A","B","B",0,0.00666666666666667,0.00333333333333333,0.0125,0,0,0,0
"g23491","scaffold_1914",761,NA,NA,NA,NA,NA,NA,NA,"N",7985,"Bc","A","B","A",0,0,0,0,0,0,0,0
"g2710","scaffold_1321",347,NA,NA,NA,NA,NA,NA,NA,"N",16213,"Bc","A","B","A",0,0,0,0,0,0,0,0
"g5582","scaffold_897",663,"FAS_ANSAN","A0A158NZW8","PF00109","Beta-ketoacyl synthase, N-terminal domain","IPR014030","Beta-ketoacyl synthase, N-terminal",NA,"Y",31263,"Bc","Bc","A","B",1.86,2.79,5.29666666666667,4.11,0,0.0233333333333333,0,0
"g5824","scaffold_1469",952,NA,"J9LFV8","PF05970","PIF1-like helicase","IPR010285","DNA helicase Pif1-like","GO:0000723;GO:0003678;GO:0006281","Y",13482,"Bc","A","A","B",0,0,0,0,0,0,0,0
"g5825","scaffold_1469",797,NA,"A0A1S3DI71",NA,NA,NA,NA,NA,"Y",13482,"Bc","A","A","B",0,0,0.05,0,0,0,0,0
"g6318","scaffold_1079",1126,NA,NA,NA,NA,NA,NA,NA,"N",21898,"Bc","Bc","A","A",15.98,1.38333333333333,8.58333333333333,3.88,14.77,2.59,8.00666666666667,1.255
"g6319","scaffold_1079",1037,NA,NA,NA,NA,NA,NA,NA,"N",21898,"Bc","Bc","A","A",14.1333333333333,3.45333333333333,6.57,4.33,13.2266666666667,3.21666666666667,12.5866666666667,2.095
"g6320","scaffold_1079",683,NA,NA,NA,NA,NA,NA,NA,"N",21898,"Bc","Bc","A","A",1.83,0.233333333333333,1.29,0.6625,1.96333333333333,0.21,1.92,0.375
"g7440","scaffold_1548",384,NA,NA,NA,NA,NA,NA,NA,"N",12247,"Bc","A","B","A",0,0,0,0,0,0,0,0
"g7441","scaffold_1548",247,NA,NA,NA,NA,NA,NA,NA,"N",12247,"Bc","A","B","A",0,0,0,0,0,0,0,0
"g8348","scaffold_1461",1556,NA,NA,NA,NA,NA,NA,NA,"N",13621,"Bc","Bc","A","A",0.0566666666666667,0.0433333333333333,0.0133333333333333,0.07,0.0366666666666667,0.04,0.12,0.03
"g8349","scaffold_1461",1556,NA,NA,NA,NA,NA,NA,NA,"N",13621,"Bc","Bc","A","A",0.00666666666666667,0,0.0166666666666667,0.0125,0,0,0.0166666666666667,0.005
"g8411","scaffold_1105",306,NA,NA,NA,NA,NA,NA,NA,"N",20864,"Bc","Bc","A","A",0.06,0.14,0.05,0.3925,0,0,0,0
"g8510","scaffold_1583",386,NA,NA,NA,NA,NA,NA,NA,"N",11793,"Bc","A","B","B",0,0,0,0,0.07,0.173333333333333,0,0
"g9061","scaffold_848",1328,NA,NA,"PF09820","Predicted AAA-ATPase","IPR018631","AAA-ATPase-like domain",NA,"Y",36415,"Bc","Bc","A","B",1.07333333333333,0.293333333333333,1.19666666666667,0.535,0,0,0,0
"g9062","scaffold_848",1025,NA,"A0A1H8D3N8","PF09820","Predicted AAA-ATPase","IPR018631","AAA-ATPase-like domain",NA,"Y",36415,"Bc","Bc","A","B",0.54,0.0833333333333333,0.503333333333333,0.42,0,0,0,0
"g9063","scaffold_848",327,"TRET1_DROPS","A0A3Q0J369","PF00083","Sugar (and other) transporter","IPR005828","Major facilitator,  sugar transporter-like","GO:0016021;GO:0022857;GO:0055085","Y",36415,"Bc","Bc","A","B",2.33,6.68333333333333,1.59333333333333,1.5625,1.10333333333333,1.27666666666667,0,4.0075
"g9186","scaffold_757",3034,NA,NA,NA,NA,NA,NA,NA,"N",59257,"Bc","Bc","A","A",0.193333333333333,0.233333333333333,0.0966666666666667,0.125,1.16333333333333,3.67666666666667,0.543333333333333,1.8675
"g9187","scaffold_757",1187,NA,NA,NA,NA,NA,NA,NA,"N",59257,"Bc","Bc","A","A",0.433333333333333,0.433333333333333,0.27,0.135,2.85,6.14666666666667,0.886666666666667,3.975
"g9188","scaffold_757",347,NA,NA,NA,NA,NA,NA,NA,"N",59257,"Bc","Bc","A","A",0.39,0.51,1.06666666666667,1.6075,0.423333333333333,0.0533333333333333,0.34,0.0975
"g9189","scaffold_757",278,NA,NA,NA,NA,NA,NA,NA,"N",59257,"Bc","Bc","A","A",0,0,0,0,0,0,0,0
"g9190","scaffold_757",905,NA,NA,"PF03258","Baculovirus FP protein","IPR004941","Baculovirus FP protein",NA,"Y",59257,"Bc","Bc","A","A",0,0,0,1.7425,0,0,0,0
"g925","scaffold_1031",1231,NA,NA,NA,NA,NA,NA,NA,"N",23702,"Bc","Bc","A","A",3.59333333333333,3.38333333333333,1.61333333333333,1.625,0.266666666666667,0.71,0.26,0.6575
"g9257","scaffold_1252",241,NA,NA,NA,NA,NA,NA,NA,"N",17461,"Bc","Bc","A","A",0,0,0,0,0,0,0,0
"g926","scaffold_1031",2577,NA,NA,NA,NA,NA,NA,NA,"N",23702,"Bc","Bc","A","A",0.19,0.266666666666667,0.106666666666667,0.145,0.0166666666666667,0.0466666666666667,0.0466666666666667,0.055
"g927","scaffold_1031",2372,NA,NA,NA,NA,NA,NA,NA,"N",23702,"Bc","Bc","A","A",0.48,0.53,0.316666666666667,0.525,0.0533333333333333,0.12,0.0633333333333333,0.075
"g9550","scaffold_1388",683,NA,NA,NA,NA,NA,NA,NA,"N",14907,"Bc","Bc","B","B",0.493333333333333,0.286666666666667,0.256666666666667,0.1575,0.26,0,0.18,0.05
"g9551","scaffold_1388",1631,NA,NA,NA,NA,NA,NA,NA,"N",14907,"Bc","Bc","B","B",0.246666666666667,0.0866666666666667,0.19,0.0925,0.0533333333333333,0.0133333333333333,0,0
"g9552","scaffold_1388",1646,NA,NA,NA,NA,NA,NA,NA,"N",14907,"Bc","Bc","B","B",2.01333333333333,0.08,1.9,0.495,0.29,0.00666666666666667,0,0
