g10906.t1	g9062.t1	32.308	325	184	10	69	367	27	341	8.61e-39	140	934	342	32	32
g10912.t1	g20100.t1	25.311	644	380	20	9	617	303	880	3.31e-45	166	710	1016	86	86
g10990.t1	g20089.t1	80.876	251	41	2	6	249	201	451	4.90e-138	391	249	534	98	98
g11001.t1	g15851.t1	33.015	524	293	16	32	529	57	548	6.65e-70	234	655	780	76	76
g11041.t1	g20095.t1	41.401	157	84	2	1	156	1	150	6.65e-33	111	169	310	92	92
g11042.t1	g20095.t1	51.261	119	45	3	1	114	200	310	7.54e-27	93.6	114	310	100	100
g11051.t1	g23391.t1	47.748	111	54	2	11	117	303	413	3.04e-31	108	118	730	91	91
g11059.t1	g13953.t3	57.492	327	123	6	1	324	181	494	6.47e-127	365	324	494	100	100
g11059.t1	g13953.t1	55.828	326	134	5	1	324	181	498	2.79e-125	361	324	498	100	100
g11059.t1	g13953.t2	57.317	328	123	7	1	324	181	495	3.06e-125	360	324	495	100	100
g11059.t1	g20085.t1	66.197	71	24	0	253	323	292	362	5.05e-33	118	324	365	22	22
g11059.t2	g13953.t3	62.500	224	78	3	1	223	181	399	4.09e-97	286	271	494	82	82
g11059.t2	g13953.t1	57.831	249	98	4	1	247	181	424	8.45e-96	283	271	498	91	91
g11059.t2	g13953.t2	62.222	225	78	4	1	223	181	400	1.54e-95	282	271	495	82	82
g8855.t1	g820.t1	28.307	378	251	9	186	553	173	540	2.50e-43	158	691	667	53	53
g8856.t1	g20083.t1	37.805	164	97	4	117	276	22	184	9.26e-33	114	379	188	42	42
g14179.t1	g20095.t1	41.401	157	84	2	1	156	1	150	8.94e-33	111	169	310	92	92
g14180.t1	g20095.t1	51.261	119	45	3	1	114	200	310	6.51e-27	94.0	114	310	100	100
g14293.t1	g12833.t1	65.513	896	293	9	1	885	1	891	0.0	1134	885	892	100	100
g14293.t1	g19189.t1	49.430	263	132	1	621	883	545	806	7.58e-81	270	885	806	91	30
g14293.t1	g19189.t1	28.364	550	260	18	1	543	1	423	5.60e-46	169	885	806	91	61
g14294.t1	g12832.t1	84.807	362	22	2	140	501	1	329	0.0	610	508	367	71	71
g14294.t1	g19190.t1	63.140	293	90	5	214	501	282	561	4.58e-117	350	508	599	70	57
g14294.t1	g19190.t1	80.303	66	13	0	103	168	269	334	1.09e-32	124	508	599	70	13
g14307.t1	g9062.t1	31.366	322	187	10	46	342	27	339	1.87e-37	134	614	342	48	48
g14309.t1	g9062.t1	30.650	323	188	9	46	342	27	339	2.54e-35	129	705	342	42	42
g14315.t1	g19190.t1	60.057	706	158	16	1	689	1	599	0.0	743	689	599	100	100
g14315.t1	g12832.t1	64.948	388	94	4	323	689	1	367	2.20e-168	480	689	367	53	53
g11267.t1	g20106.t1	47.166	441	225	4	1	437	1	437	6.20e-145	413	438	439	99	99
g11268.t1	g20107.t1	37.634	186	101	5	16	189	9	191	1.14e-30	103	190	199	92	92
g11269.t1	g20108.t1	55.507	227	101	0	179	405	289	515	5.34e-81	262	528	850	43	43
g11269.t1	g20115.t1	40.789	152	83	4	333	482	15	161	1.76e-28	103	528	161	28	28
g11270.t1	g20110.t1	74.375	160	41	0	1	160	41	200	1.72e-95	268	171	214	94	94
g6055.t1	g9551.t1	25.870	460	281	13	77	501	73	507	6.53e-31	119	714	544	60	60
g6055.t1	g9552.t1	24.161	447	297	13	77	500	97	524	7.55e-30	116	714	549	59	59
g6080.t1	g23391.t1	61.475	122	32	1	19	140	1	107	6.18e-42	139	140	730	87	87
g6080.t2	g23391.t1	70.093	107	32	0	19	125	1	107	5.76e-46	150	125	730	86	86
g22599.t1	g20084.t1	53.898	295	129	5	516	808	102	391	1.08e-94	294	808	391	54	36
g22599.t1	g20084.t1	43.662	142	78	1	149	288	1	142	2.36e-33	125	808	391	54	17
g22715.t1	g20084.t1	88.148	135	16	0	64	198	1	135	3.73e-76	240	587	391	23	23
g19429.t1	g20100.t1	28.237	641	374	19	11	622	304	887	2.06e-59	209	721	1016	85	85
g19495.t1	g20083.t1	84.239	184	28	1	137	319	5	188	1.39e-114	325	390	188	47	47
g19496.t1	g820.t1	31.624	351	203	10	261	596	220	548	4.79e-45	164	756	667	44	44
g16906.t1	g20084.t1	43.571	140	77	1	69	206	3	142	4.36e-34	123	409	391	34	34
g21658.t1	g9061.t1	53.057	458	198	4	303	759	1	442	7.11e-162	469	762	443	60	60
g21658.t1	g9062.t1	33.537	328	191	6	134	447	27	341	6.21e-54	182	762	342	41	41
g21672.t1	g20836.t1	39.766	171	90	5	2	159	24	194	1.14e-33	114	286	199	55	55
g3417.t1	g9062.t1	26.408	284	176	8	42	305	40	310	9.50e-26	99.4	415	342	64	64
g3571.t1	g9062.t1	29.644	253	156	7	611	850	99	342	7.06e-26	102	1004	342	24	24
g22068.t1	g9062.t1	29.358	327	194	10	46	346	27	342	1.92e-31	117	640	342	47	47
g22188.t1	g820.t1	31.624	351	203	10	261	596	220	548	9.33e-45	163	770	667	44	44
g22189.t1	g20083.t1	82.692	104	16	2	226	327	9	112	3.31e-55	171	339	188	30	30
g22189.t1	g819.t1	34.694	147	96	0	68	214	1	147	6.39e-33	118	339	366	43	43
g3168.t1	g20100.t1	26.616	789	471	20	54	801	167	888	1.67e-72	250	894	1016	84	84
g3208.t1	g20083.t1	55.676	185	72	4	217	398	11	188	1.94e-60	189	506	188	36	36
g3208.t1	g819.t1	44.218	147	82	0	23	169	1	147	1.44e-38	137	506	366	29	29
g3209.t1	g820.t1	29.261	352	220	7	299	635	221	558	5.73e-36	136	760	667	44	44
g13119.t1	g20084.t1	61.765	102	37	2	609	709	109	209	1.71e-36	134	774	391	31	13
g13119.t1	g20084.t1	42.958	142	79	1	217	356	1	142	2.44e-32	122	774	391	31	18
g13170.t1	g20101.t1	68.966	145	45	0	1455	1599	1	145	2.64e-64	207	1659	159	9	9
g13170.t2	g20101.t1	68.966	145	45	0	1454	1598	1	145	2.71e-64	207	1658	159	9	9
g2213.t1	g9551.t1	24.092	523	347	15	8	493	6	515	8.38e-34	128	651	544	75	75
g2213.t1	g9552.t1	23.180	522	342	14	13	490	24	530	3.99e-26	104	651	549	73	73
g2214.t1	g9551.t1	26.604	530	333	16	11	504	6	515	6.35e-36	134	670	544	74	74
g2215.t1	g9551.t1	24.370	476	309	14	11	451	6	465	1.13e-31	120	562	544	78	78
g2215.t1	g9552.t1	22.495	529	347	13	16	494	24	539	2.32e-28	110	562	549	85	85
g2216.t1	g9551.t1	23.277	537	344	17	11	497	6	524	5.93e-30	116	667	544	73	73
g2216.t1	g9552.t1	23.709	523	340	14	16	490	24	535	2.41e-28	111	667	549	71	71
g2217.t1	g9551.t1	24.151	530	353	15	11	502	6	524	1.95e-37	139	662	544	74	74
g2217.t1	g9552.t1	24.427	524	340	13	16	495	24	535	5.57e-36	134	662	549	73	73
g2218.t1	g9552.t1	24.478	527	336	15	16	495	24	535	6.10e-34	128	662	549	73	73
g2218.t1	g9551.t1	22.645	552	376	16	11	524	6	544	5.67e-32	122	662	544	78	78
g13374.t1	g20095.t1	53.731	134	49	3	235	363	185	310	1.15e-33	119	363	310	36	36
g7296.t1	g9551.t1	24.784	464	301	14	18	449	60	507	1.28e-31	122	709	544	61	61
g7297.t1	g9551.t1	27.015	459	302	11	101	533	91	542	2.42e-48	171	714	544	61	61
g7297.t1	g9552.t1	27.384	409	251	12	93	479	112	496	5.47e-48	170	714	549	54	54
g7298.t1	g9551.t1	25.813	523	336	14	6	492	1	507	1.57e-45	163	747	544	65	65
g7298.t1	g9552.t1	25.427	527	349	16	13	511	20	530	1.11e-38	143	747	549	67	67
g7299.t1	g9551.t1	26.542	535	346	13	14	517	3	521	7.81e-57	196	750	544	67	67
g7299.t1	g9552.t1	28.608	388	248	10	106	479	120	492	4.85e-50	176	750	549	50	50
g7299.t1	g9550.t1	31.472	197	123	3	331	517	10	204	8.50e-27	101	750	228	25	25
g7300.t1	g9551.t1	28.716	296	194	7	8	293	208	496	6.04e-35	130	546	544	52	52
g7300.t1	g9552.t1	28.159	277	173	9	8	269	227	492	1.34e-28	111	546	549	48	48
g7300.t1	g9550.t1	32.381	210	122	5	112	307	1	204	3.25e-27	102	546	228	36	36
g7300.t2	g9551.t1	25.933	509	342	13	14	502	3	496	4.74e-52	182	755	544	65	65
g7300.t2	g9552.t1	28.534	382	243	11	112	478	126	492	6.27e-49	173	755	549	49	49
g7300.t2	g9550.t1	32.381	210	122	5	321	516	1	204	4.83e-27	102	755	228	26	26
g7300.t3	g9552.t1	29.032	248	150	9	112	346	126	360	9.74e-30	112	400	549	59	59
g7300.t3	g9551.t1	24.571	350	238	10	14	347	3	342	1.40e-29	112	400	544	84	84
g7301.t1	g9552.t1	25.331	529	342	15	18	508	24	537	5.24e-39	144	688	549	71	71
g7302.t1	g9551.t1	27.125	553	348	19	10	523	3	539	1.48e-41	151	691	544	74	74
g7302.t1	g9552.t1	26.019	515	304	17	18	483	24	510	5.31e-37	138	691	549	67	67
g19257.t1	g5582.t1	35.385	195	108	3	23	206	13	200	3.78e-33	121	2330	223	8	8
g19270.t1	g20836.t1	64.189	148	51	1	1410	1555	47	194	9.73e-59	194	2318	199	25	6
g19270.t1	g20836.t1	65.753	146	46	1	1874	2015	49	194	2.48e-56	187	2318	199	25	6
g19270.t1	g20836.t1	63.514	148	50	2	479	622	47	194	7.23e-55	182	2318	199	25	6
g19270.t1	g20836.t1	60.135	148	57	1	939	1084	47	194	2.29e-50	169	2318	199	25	6
g19271.t1	g20836.t1	63.303	109	36	1	5	109	86	194	1.41e-40	137	481	199	22	22
g8224.t1	g9062.t1	26.791	321	206	8	8	305	25	339	7.78e-29	107	397	342	75	75
g15616.t1	g820.t1	31.831	355	205	10	257	596	216	548	3.72e-45	164	756	667	45	45
g15617.t1	g20083.t1	80.180	111	21	1	276	385	5	115	4.44e-61	188	394	188	28	28
g15617.t1	g819.t1	34.694	147	96	0	68	214	1	147	1.08e-32	119	394	366	37	37
g15629.t1	g20092.t1	41.935	186	104	2	41	224	307	490	5.36e-39	139	326	864	56	56
g15662.t1	g820.t1	39.759	166	98	1	609	774	367	530	5.20e-32	124	801	667	21	21
g21986.t1	g17662.t1	32.432	296	180	3	34	328	24	300	1.95e-43	153	445	612	66	66
g10435.t1	g20083.t1	84.783	184	27	1	276	458	5	188	2.51e-110	327	804	188	23	23
g10435.t1	g819.t1	34.694	147	96	0	68	214	1	147	1.73e-30	115	804	366	18	18
g10436.t1	g820.t1	31.624	351	203	10	261	596	220	548	4.92e-45	164	756	667	44	44
g10447.t1	g20086.t1	55.233	172	43	1	25	196	109	246	4.02e-56	179	463	249	37	37
g14335.t1	g16455.t1	32.623	610	369	18	5	595	268	854	1.83e-73	248	621	1126	95	95
g14345.t1	g9551.t1	34.657	554	324	11	13	540	3	544	2.48e-110	332	540	544	98	98
g14345.t1	g9552.t1	31.569	529	320	12	16	513	18	535	5.60e-85	266	540	549	92	92
g14345.t1	g9550.t1	36.245	229	131	3	316	537	4	224	1.32e-44	150	540	228	41	41
g14346.t1	g9551.t1	33.266	496	285	16	30	502	2	474	7.36e-75	240	555	544	85	85
g14346.t1	g9552.t1	31.559	526	290	16	39	523	24	520	1.39e-65	216	555	549	87	87
g14346.t1	g9550.t1	32.287	223	134	6	338	551	4	218	4.18e-30	110	555	228	39	39
g14347.t1	g9551.t1	33.840	526	305	15	13	510	3	513	1.86e-82	259	515	544	97	97
g14347.t1	g9552.t1	28.913	543	326	11	1	508	1	518	7.19e-74	236	515	549	99	99
g14347.t1	g9550.t1	37.745	204	110	4	317	512	4	198	3.91e-39	135	515	228	38	38
g14399.t1	g16455.t1	23.333	780	475	26	330	1031	314	1048	1.11e-30	122	1086	1126	65	65
g6908.t1	g820.t1	28.678	401	254	6	163	538	147	540	1.22e-50	179	658	667	57	57
g15522.t1	g9062.t1	33.028	327	192	7	98	408	27	342	4.25e-50	171	681	342	46	46
g15522.t1	g9061.t1	27.494	411	270	7	270	661	4	405	6.30e-45	159	681	443	58	58
g15523.t1	g9062.t1	34.251	327	188	8	98	408	27	342	2.03e-51	174	681	342	46	46
g15523.t1	g9061.t1	27.737	411	269	7	270	661	4	405	1.73e-45	160	681	443	58	58
g10577.t1	g9061.t1	39.706	204	114	5	2	197	35	237	6.80e-45	147	197	443	99	99
g10577.t1	g9062.t1	47.321	112	57	1	1	110	231	342	5.80e-33	113	197	342	56	56
g13678.t1	g9551.t1	23.818	571	346	20	12	538	9	534	7.44e-32	122	673	544	78	78
g13678.t1	g9552.t1	22.505	551	364	14	11	528	22	542	7.07e-29	113	673	549	77	77
g13690.t1	g20084.t1	37.430	179	101	3	176	348	1	174	7.74e-33	120	438	391	39	39
g13741.t1	g9551.t1	27.336	428	281	10	61	469	56	472	6.12e-44	157	653	544	63	63
g13741.t1	g9552.t1	24.536	485	331	11	60	520	75	548	5.97e-42	152	653	549	71	71
g3035.t1	g23391.t1	86.412	655	84	2	139	788	69	723	0.0	1152	981	730	80	66
g3035.t1	g23391.t1	69.504	141	35	1	1	141	1	133	1.37e-53	192	981	730	80	14
g3098.t1	g12833.t1	69.169	373	102	5	5	367	522	891	1.10e-168	486	367	892	99	99
g3098.t1	g19189.t1	50.198	253	125	1	113	365	555	806	7.13e-83	261	367	806	69	69
g22866.t1	g9551.t1	25.604	414	256	14	118	496	73	469	3.04e-29	114	766	544	49	49
g22867.t1	g9551.t1	25.891	421	255	13	114	497	69	469	1.55e-34	130	751	544	51	51
g22867.t1	g9552.t1	25.866	433	259	15	103	497	82	490	1.19e-28	113	751	549	53	53
g22880.t1	g12159.t1	42.958	142	77	2	23	161	208	348	2.50e-38	128	200	360	70	70
g22903.t1	g20095.t1	42.038	157	83	2	1	156	1	150	7.63e-33	111	169	310	92	92
g22904.t1	g20095.t1	51.261	119	45	3	1	114	200	310	7.54e-27	93.6	114	310	100	100
g13989.t1	g16455.t1	34.271	782	448	20	40	791	269	1014	6.10e-119	384	977	1126	77	77
g17476.t1	g820.t1	31.157	337	195	10	261	582	220	534	2.99e-42	154	627	667	51	51
g17478.t1	g20083.t1	85.326	184	26	1	276	458	5	188	1.47e-108	328	1062	188	17	17
g17478.t1	g819.t1	34.694	147	96	0	68	214	1	147	2.01e-30	116	1062	366	14	14
g17484.t1	g20090.t1	30.493	223	148	4	27	245	10	229	2.82e-29	109	1445	229	15	15
g328.t1	g19189.t1	50.385	260	100	8	64	309	373	617	4.84e-65	211	326	806	75	75
g328.t1	g12833.t1	32.824	262	123	8	65	320	495	709	4.46e-26	100	326	892	79	79
g339.t1	g20100.t1	29.226	633	341	23	346	945	320	878	5.26e-62	221	1107	1016	54	54
g352.t1	g9062.t1	33.841	328	201	7	114	427	15	340	1.13e-51	175	708	342	44	44
g352.t1	g9061.t1	29.808	416	264	7	293	692	7	410	7.26e-50	173	708	443	56	56
g353.t1	g9062.t1	35.119	336	197	8	102	424	15	342	3.87e-55	185	709	342	46	46
g353.t1	g9061.t1	28.293	410	275	6	287	686	5	405	3.07e-49	171	709	443	56	56
g354.t1	g9062.t1	34.911	338	195	9	102	424	15	342	4.00e-56	187	709	342	46	46
g354.t1	g9061.t1	28.049	410	276	6	287	686	5	405	5.50e-49	171	709	443	56	56
g21266.t1	g9062.t1	30.931	333	189	9	47	352	24	342	8.24e-42	148	802	342	38	38
g21266.t1	g9061.t1	25.899	417	254	13	222	608	14	405	2.43e-31	120	802	443	48	48
g21267.t1	g12833.t1	59.459	74	27	1	1	71	1	74	5.98e-27	108	682	892	10	10
g18693.t1	g9062.t1	32.121	330	189	10	47	352	24	342	6.28e-41	145	667	342	46	46
g18694.t1	g9062.t1	31.330	233	147	6	23	248	116	342	4.26e-29	111	698	342	32	32
g18694.t1	g9061.t1	26.710	307	204	9	124	412	20	323	8.16e-28	108	698	443	41	41
g23426.t1	g19189.t1	74.167	120	31	0	1	120	687	806	1.57e-59	188	123	806	98	98
g23426.t1	g12833.t1	53.509	114	53	0	1	114	770	883	2.69e-39	131	123	892	93	93
g23427.t1	g19190.t1	59.287	673	150	16	1	656	32	597	0.0	696	1295	599	51	51
g23427.t1	g19189.t1	46.667	645	275	19	697	1295	8	629	5.18e-162	498	1295	806	46	46
g23427.t1	g12832.t1	64.767	386	94	4	292	656	1	365	7.39e-160	476	1295	367	28	28
g23427.t1	g12833.t1	27.034	725	329	24	721	1295	38	712	2.17e-44	166	1295	892	44	44
g23446.t1	g820.t1	30.321	343	221	5	184	514	222	558	2.46e-51	181	641	667	52	52
g2461.t1	g9062.t1	27.554	323	203	11	103	398	21	339	5.00e-31	116	661	342	45	45
g2483.t1	g20100.t1	28.591	724	391	17	80	740	260	920	5.36e-77	260	757	1016	87	87
g2486.t1	g20084.t1	44.286	140	76	1	151	288	3	142	6.73e-34	125	570	391	24	24
g12388.t1	g1208.t1	73.810	84	22	0	692	775	6	89	3.03e-33	115	951	96	9	9
g12389.t1	g5582.t1	39.252	214	119	6	4	211	12	220	2.35e-43	149	947	223	22	22
g12389.t1	g1208.t1	73.563	87	23	0	807	893	9	95	7.46e-35	120	947	96	9	9
g12390.t1	g5582.t1	39.810	211	122	3	8	216	13	220	2.72e-42	147	1664	223	13	13
g12390.t1	g1208.t1	74.713	87	22	0	1085	1171	9	95	2.96e-35	122	1664	96	5	5
g6541.t1	g20101.t1	36.486	148	94	0	1302	1449	1	148	1.51e-31	114	1499	159	10	10
g6543.t1	g20101.t1	40.179	112	67	0	851	962	1	112	1.82e-29	107	1048	159	11	11
g16922.t1	g1208.t1	64.286	84	30	0	1244	1327	9	92	1.95e-30	108	1561	96	5	5
g697.t1	g20084.t1	61.062	113	42	2	420	531	102	213	2.23e-41	146	590	391	43	19
g697.t1	g20084.t1	42.958	142	79	1	67	206	1	142	3.44e-33	123	590	391	43	24
g17140.t1	g9062.t1	30.409	342	160	6	41	325	22	342	1.41e-49	164	404	342	71	71
g17140.t1	g9061.t1	38.835	206	119	4	202	401	20	224	1.02e-38	137	404	443	50	50
g17141.t1	g9061.t1	32.402	179	115	2	7	185	257	429	5.61e-27	98.6	189	443	95	95
g21011.t1	g20100.t1	29.039	489	270	17	11	493	304	721	1.68e-49	175	508	1016	95	95
g8136.t1	g820.t1	28.986	345	202	6	299	607	221	558	3.38e-35	134	732	667	42	42
g8137.t1	g20083.t1	50.000	124	53	4	152	273	11	127	1.94e-29	106	499	188	24	24
g15044.t1	g16324.t1	52.143	140	65	2	295	434	5	142	2.84e-40	140	619	267	42	23
g15044.t1	g16324.t1	53.719	121	51	2	103	223	148	263	3.00e-36	129	619	267	42	20
g15044.t1	g16323.t1	61.062	113	43	1	322	434	7	118	9.89e-40	138	619	243	38	18
g15044.t1	g16323.t1	54.167	120	50	2	104	223	125	239	1.84e-36	129	619	243	38	19
g15044.t2	g16324.t1	52.143	140	65	2	269	408	5	142	1.78e-40	140	593	267	44	24
g15044.t2	g16324.t1	53.719	121	51	2	77	197	148	263	2.68e-36	129	593	267	44	20
g15044.t2	g16323.t1	61.062	113	43	1	296	408	7	118	6.34e-40	138	593	243	39	19
g15044.t2	g16323.t1	53.719	121	51	2	77	197	124	239	2.06e-36	129	593	243	39	20
g15053.t1	g20083.t1	35.912	181	107	5	301	473	5	184	7.11e-33	116	516	188	34	34
g15053.t1	g819.t1	30.481	187	125	3	78	262	1	184	6.96e-28	107	516	366	36	36
g15054.t1	g820.t1	30.149	335	216	8	230	554	214	540	2.03e-43	158	697	667	47	47
g4146.t1	g20092.t1	84.259	108	17	0	1	108	579	686	2.31e-64	201	110	864	98	98
g4147.t1	g20092.t1	64.368	174	49	4	234	403	335	499	3.22e-59	202	504	864	34	34
g11828.t1	g9552.t1	24.317	366	245	11	168	512	101	455	1.43e-27	109	667	549	52	52
g11832.t1	g9552.t1	26.446	484	286	17	122	557	75	536	2.82e-32	124	750	549	58	58
g11832.t1	g9551.t1	26.503	366	247	9	172	523	113	470	2.67e-30	118	750	544	47	47
g11832.t2	g9552.t1	26.446	484	286	17	168	603	75	536	2.40e-32	124	796	549	55	55
g11832.t2	g9551.t1	26.503	366	247	9	218	569	113	470	3.15e-30	118	796	544	44	44
g11837.t1	g9552.t1	25.545	505	321	22	34	513	25	499	3.89e-29	116	1871	549	26	26
g11838.t1	g9552.t1	23.862	549	358	20	103	607	11	543	6.37e-26	105	983	549	51	51
g11840.t1	g9552.t1	24.893	466	306	16	66	501	24	475	1.35e-29	117	1562	549	28	28
g11841.t1	g9552.t1	22.595	447	294	13	9	414	24	459	6.63e-28	111	962	549	42	42
g15961.t1	g820.t1	28.032	371	247	8	153	513	180	540	5.22e-42	154	656	667	55	55
g15135.t1	g20103.t1	65.625	224	70	1	322	545	66	282	1.36e-105	315	663	282	34	34
g15135.t1	g20100.t1	28.049	574	332	18	13	563	366	881	1.35e-50	181	663	1016	83	83
g15143.t1	g20095.t1	60.645	155	49	4	1	152	1	146	5.59e-55	170	205	310	74	74
g18175.t1	g12832.t1	42.387	243	75	4	1	242	1	179	3.54e-55	174	246	367	98	98
g18226.t1	g13785.t1	79.167	120	7	2	389	508	1	102	2.72e-56	177	556	102	22	22
g9880.t1	g820.t1	30.149	335	216	8	230	554	214	540	2.25e-43	158	697	667	47	47
g9881.t1	g819.t1	30.811	185	123	3	78	260	1	182	7.64e-28	107	611	366	30	30
g6821.t1	g23391.t1	37.587	431	215	8	1	394	183	596	1.64e-79	251	396	730	99	99
g6821.t2	g23391.t1	38.258	264	121	6	1	227	338	596	1.77e-45	153	229	730	99	99
g6845.t1	g12832.t1	86.032	315	14	2	217	513	1	303	0.0	549	564	367	53	53
g6845.t1	g19190.t1	47.217	521	179	13	16	513	88	535	4.30e-136	401	564	599	88	88
g6845.t1	g12831.t1	58.750	160	44	2	1	138	69	228	9.54e-48	162	564	338	24	24
g23019.t1	g20084.t1	93.878	98	6	0	2	99	244	341	1.64e-63	190	99	391	99	99
g23033.t1	g818.t1	31.727	249	138	7	32	264	118	350	1.01e-32	115	281	356	83	83
g23037.t1	g9551.t1	24.119	539	352	16	15	520	9	523	4.40e-29	114	662	544	76	76
g23037.t1	g9552.t1	24.494	543	348	18	17	521	24	542	8.93e-28	110	662	549	76	76
g23038.t1	g9551.t1	25.918	490	299	15	15	467	9	471	3.09e-34	129	645	544	70	70
g23038.t1	g9552.t1	25.000	540	340	19	17	512	24	542	1.44e-28	112	645	549	77	77
g23039.t1	g9551.t1	25.046	539	344	17	15	517	9	523	1.27e-34	130	675	544	75	75
g23039.t1	g9552.t1	25.319	549	333	20	17	518	24	542	2.97e-31	120	675	549	74	74
g23040.t1	g9551.t1	24.132	547	341	18	15	516	9	526	1.39e-37	139	671	544	75	75
g23041.t1	g9551.t1	25.556	540	331	18	15	508	9	523	5.87e-36	134	668	544	74	74
g12943.t1	g9551.t1	27.928	555	346	20	6	542	3	521	2.22e-48	171	713	544	75	75
g12943.t1	g9552.t1	27.733	494	285	21	63	518	80	539	3.01e-43	156	713	549	64	64
g12961.t1	g12832.t1	57.609	276	88	5	23	285	90	349	1.09e-96	292	577	367	46	46
g12961.t1	g19190.t1	51.839	299	105	7	1	284	306	580	1.29e-88	278	577	599	49	49
g23515.t1	g819.t1	30.481	187	125	3	78	262	1	184	5.39e-28	107	486	366	38	38
g23516.t1	g820.t1	30.149	335	216	8	229	553	214	540	1.87e-43	158	696	667	47	47
g23535.t1	g23391.t1	37.710	655	375	10	121	772	99	723	7.37e-141	434	1074	730	61	61
g23544.t1	g1208.t1	72.917	96	25	1	646	741	1	95	2.06e-36	125	1477	96	6	6
g23545.t1	g5582.t1	38.222	225	132	3	1	221	1	222	7.99e-53	165	288	223	77	77
g11789.t1	g20083.t1	84.239	184	28	1	276	458	5	188	9.09e-113	325	529	188	35	35
g11789.t1	g819.t1	34.694	147	96	0	68	214	1	147	2.80e-31	117	529	366	28	28
g11797.t1	g12832.t1	41.975	243	76	5	107	348	1	179	8.22e-51	167	373	367	65	65
g8598.t1	g20084.t1	69.231	130	9	1	64	162	1	130	3.84e-48	168	900	391	11	11
g435.t1	g20084.t1	85.417	144	21	0	64	207	1	144	5.27e-84	247	217	391	66	66
g2587.t1	g19189.t1	45.570	158	53	7	2	158	276	401	3.09e-33	116	167	806	94	94
g2606.t1	g16324.t1	62.069	203	29	4	243	444	5	160	4.38e-70	222	687	267	48	29
g2606.t1	g16324.t1	80.153	131	24	2	84	213	138	267	1.05e-68	218	687	267	48	19
g2606.t1	g16323.t1	80.153	131	24	2	84	213	114	243	7.27e-69	218	687	243	38	19
g2606.t1	g16323.t1	76.296	135	26	3	311	444	7	136	1.53e-61	198	687	243	38	20
g4422.t1	g12832.t1	61.340	194	57	4	265	456	166	343	1.27e-69	221	535	367	53	36
g4422.t1	g12832.t1	60.000	90	35	1	23	111	90	179	4.62e-30	113	535	367	53	17
g4422.t1	g19190.t1	61.458	192	58	4	266	456	399	575	1.48e-68	224	535	599	36	36
g4456.t1	g20100.t1	29.042	668	370	25	3	632	372	973	9.13e-60	209	705	1016	89	89
g4456.t1	g20103.t1	32.895	228	135	8	309	528	65	282	6.42e-26	100	705	282	31	31
g11379.t1	g9551.t1	23.589	496	328	14	13	484	3	471	1.29e-28	114	1084	544	44	44
g11379.t1	g9552.t1	23.529	544	337	14	22	523	25	531	3.51e-28	112	1084	549	46	46
g11383.t1	g9551.t1	25.575	348	227	12	177	496	110	453	3.00e-26	105	749	544	43	43
g11392.t1	g9552.t1	23.640	533	351	19	53	546	21	536	4.11e-29	114	743	549	66	66
g11434.t1	g9551.t1	25.506	494	300	20	82	536	61	525	1.25e-26	106	719	544	63	63
g11437.t1	g9552.t1	25.872	545	339	23	12	521	21	535	2.25e-26	105	713	549	72	72
g11450.t1	g9062.t1	29.630	324	168	11	48	320	27	341	2.24e-32	117	420	342	65	65
g11450.t1	g9061.t1	29.665	209	138	4	197	398	20	226	1.13e-26	103	420	443	48	48
g11458.t1	g9551.t1	26.380	489	303	15	15	468	3	469	1.58e-45	162	690	544	66	66
g11458.t1	g9552.t1	25.100	502	288	21	22	468	22	490	7.84e-38	140	690	549	65	65
g11459.t1	g9551.t1	24.857	350	243	9	93	428	80	423	5.22e-28	108	454	544	74	74
g14652.t1	g13953.t3	28.691	359	195	9	1427	1782	9	309	1.27e-45	166	2573	494	14	14
g14652.t1	g13953.t2	28.493	365	200	9	1427	1788	9	315	1.69e-45	165	2573	495	14	14
g14652.t1	g13953.t1	28.493	365	200	9	1427	1788	9	315	2.12e-45	165	2573	498	14	14
g14652.t2	g13953.t3	28.691	359	195	9	1427	1782	9	309	1.27e-45	166	2577	494	14	14
g14652.t2	g13953.t2	28.493	365	200	9	1427	1788	9	315	1.69e-45	165	2577	495	14	14
g14652.t2	g13953.t1	28.493	365	200	9	1427	1788	9	315	2.12e-45	165	2577	498	14	14
g20768.t1	g20085.t1	57.965	226	93	1	1	224	1	226	8.73e-76	231	357	365	63	63
g20814.t1	g12832.t1	59.627	161	47	4	1	159	223	367	1.05e-54	169	159	367	100	100
g20814.t1	g19190.t1	54.321	162	54	5	1	159	455	599	7.77e-47	153	159	599	100	100
g21179.t1	g2644.t1	27.937	383	244	14	288	656	334	698	1.65e-31	124	725	1542	51	51
g12812.t1	g20090.t1	92.576	229	17	0	1	229	1	229	2.30e-158	446	608	229	38	38
g9494.t1	g20089.t1	90.233	215	21	0	1	215	320	534	1.34e-136	386	215	534	100	100
g9494.t2	g20089.t1	85.629	334	47	1	253	585	201	534	0.0	561	585	534	70	57
g9494.t2	g20089.t1	93.590	78	5	0	169	246	25	102	1.37e-43	155	585	534	70	13
g9495.t1	g20106.t1	48.691	191	87	3	234	418	146	331	9.93e-57	186	424	439	44	44
g9495.t1	g20107.t1	54.400	125	57	0	14	138	15	139	1.26e-40	136	424	199	29	29
g9498.t1	g20110.t1	63.839	224	60	2	4	224	8	213	6.72e-108	302	225	214	98	98
g9529.t1	g9551.t1	41.682	547	303	5	11	545	2	544	2.77e-147	427	545	544	98	98
g9529.t1	g9552.t1	37.739	522	294	10	20	519	24	536	2.89e-113	340	545	549	92	92
g9529.t1	g9550.t1	42.222	225	125	2	322	542	1	224	1.99e-55	179	545	228	41	41
g9530.t1	g9551.t1	46.207	145	70	1	2	138	400	544	1.20e-40	134	138	544	99	99
g9530.t1	g9550.t1	46.377	138	66	2	4	135	89	224	1.17e-39	125	138	228	96	96
g9531.t1	g9551.t1	55.856	555	221	5	11	553	2	544	0.0	599	553	544	98	98
g9531.t1	g9552.t1	46.266	549	260	10	1	527	1	536	1.19e-155	449	553	549	95	95
g9531.t1	g9550.t1	47.479	238	105	4	317	550	3	224	1.99e-63	200	553	228	42	42
g9532.t1	g9551.t1	47.426	544	251	7	10	520	2	543	3.81e-170	484	521	544	98	98
g9532.t1	g9552.t1	41.667	516	259	11	19	495	24	536	1.71e-128	378	521	549	92	92
g9532.t1	g9550.t1	69.369	222	64	2	304	521	7	228	8.43e-108	314	521	228	42	42
g9533.t1	g9552.t1	54.364	550	220	11	1	525	1	544	0.0	543	543	549	97	97
g9533.t1	g9551.t1	46.396	541	254	15	11	530	2	527	1.35e-142	415	543	544	96	96
g9533.t1	g9550.t1	41.262	206	107	6	330	525	10	211	5.05e-42	143	543	228	36	36
g9534.t1	g9551.t1	45.688	545	255	11	10	518	2	541	2.85e-157	452	522	544	98	98
g9534.t1	g9550.t1	88.106	227	27	0	295	521	1	227	2.82e-146	412	522	228	43	43
g9534.t1	g9552.t1	41.929	539	261	13	3	495	4	536	4.37e-131	385	522	549	94	94
g9534.t2	g9551.t1	46.360	261	115	5	10	245	2	262	4.32e-72	222	247	544	96	96
g9534.t2	g9552.t1	43.728	279	121	9	3	245	4	282	1.87e-65	205	247	549	98	98
g9535.t1	g9551.t1	49.573	351	162	5	11	350	2	348	8.11e-114	336	404	544	84	84
g9535.t1	g9552.t1	41.351	370	194	7	1	350	1	367	2.41e-86	265	404	549	87	87
g9536.t1	g9552.t1	56.134	538	214	8	1	518	1	536	0.0	575	531	549	98	98
g9536.t1	g9551.t1	45.588	544	253	11	11	528	2	528	9.41e-148	428	531	544	98	98
g9536.t1	g9550.t1	43.750	208	104	5	322	521	2	204	5.01e-45	151	531	228	38	38
g9537.t1	g9551.t1	66.548	562	162	8	25	578	1	544	0.0	703	578	544	96	96
g9537.t1	g9552.t1	44.779	565	257	15	18	555	3	539	2.76e-146	426	578	549	93	93
g9537.t1	g9550.t1	47.059	221	113	2	355	575	8	224	3.45e-62	197	578	228	38	38
g9541.t1	g12832.t1	42.387	243	75	4	1	242	1	179	6.71e-51	176	986	367	25	25
g9541.t1	g12833.t1	32.127	221	143	2	769	983	666	885	2.55e-28	114	986	892	22	22
g9544.t1	g20084.t1	62.185	119	43	2	145	262	102	219	2.98e-48	159	314	391	38	38
g9545.t1	g20084.t1	43.571	140	77	1	154	291	3	142	3.27e-34	123	386	391	36	36
g3905.t1	g9062.t1	30.982	326	193	8	25	328	23	338	2.73e-48	161	430	342	71	71
g5691.t1	g9062.t1	33.540	322	194	6	114	420	21	337	2.10e-53	178	578	342	53	53
g5691.t1	g9061.t1	33.106	293	183	8	282	565	4	292	3.12e-42	150	578	443	49	49
g11495.t1	g20084.t1	84.722	144	22	0	64	207	1	144	3.09e-83	245	211	391	68	68
g11496.t1	g20084.t1	86.765	68	6	1	210	277	327	391	1.44e-31	113	277	391	25	25
g554.t1	g20101.t1	37.762	143	89	0	1437	1579	1	143	1.91e-35	125	1638	159	9	9
g555.t1	g20101.t1	38.462	143	88	0	1189	1331	1	143	2.03e-36	127	1392	159	10	10
g555.t2	g20101.t1	38.462	143	88	0	1189	1331	1	143	2.03e-36	127	1392	159	10	10
g555.t3	g20101.t1	38.462	143	88	0	1229	1371	1	143	2.17e-36	127	1432	159	10	10
g557.t1	g20101.t1	37.762	143	89	0	903	1045	1	143	7.35e-36	125	1106	159	13	13
g558.t1	g20101.t1	37.063	143	90	0	1020	1162	1	143	3.75e-34	121	1223	159	12	12
g6806.t1	g20095.t1	40.252	159	85	2	1	158	1	150	4.76e-33	112	171	310	92	92
g22441.t1	g2644.t1	26.382	398	255	13	67	437	280	666	8.08e-27	106	473	1542	78	78
g22442.t1	g2644.t1	91.228	114	5	1	1	109	1	114	2.61e-63	199	113	1542	96	96
g21400.t1	g20084.t1	92.053	151	9	1	491	641	244	391	2.88e-90	278	641	391	46	24
g21400.t1	g20084.t1	84.722	144	22	0	64	207	1	144	2.67e-77	244	641	391	46	22
g9629.t1	g5582.t1	37.727	220	120	5	33	247	13	220	1.93e-36	130	2388	223	9	9
g9629.t1	g1208.t1	67.816	87	28	0	1540	1626	9	95	2.55e-31	111	2388	96	4	4
g9647.t1	g20092.t1	41.629	221	126	1	1	218	628	848	1.94e-55	182	230	864	95	95
g9664.t1	g20114.t1	54.545	165	28	3	1	130	1	153	7.47e-50	152	176	190	74	74
g18726.t1	g9062.t1	43.731	327	176	6	12	337	22	341	6.24e-95	288	631	342	52	52
g18726.t1	g9061.t1	28.079	406	264	12	193	592	4	387	3.02e-40	145	631	443	63	63
g5969.t1	g20100.t1	35.242	227	117	5	345	570	494	691	1.07e-28	115	844	1016	27	27
g12588.t1	g12832.t1	50.980	153	26	2	6	109	187	339	8.55e-38	130	298	367	35	35
g12588.t1	g19190.t1	44.056	143	31	2	6	99	419	561	1.02e-27	104	298	599	32	32
g12637.t1	g20101.t1	51.136	88	43	0	1397	1484	1	88	2.77e-28	104	1596	159	6	6
g12638.t1	g20101.t1	47.000	100	53	0	1351	1450	1	100	9.61e-31	111	1547	159	6	6
g12638.t2	g20101.t1	42.857	112	64	0	1365	1476	1	112	9.24e-31	111	1561	159	7	7
g13640.t1	g12981.t1	36.967	211	125	5	272	479	6	211	3.80e-36	129	1313	215	16	16
g20298.t1	g820.t1	30.149	335	216	8	231	555	214	540	6.59e-43	157	698	667	47	47
g20299.t1	g819.t1	28.910	211	132	4	78	273	1	208	1.71e-27	108	1831	366	11	11
g20299.t2	g819.t1	28.910	211	132	4	78	273	1	208	1.75e-27	108	1829	366	11	11
g5827.t1	g9552.t1	24.335	489	303	16	13	455	25	492	4.33e-31	120	672	549	66	66
g5827.t1	g9551.t1	25.290	431	286	13	4	408	3	423	6.57e-31	119	672	544	60	60
g5828.t1	g9552.t1	25.000	488	301	15	13	455	25	492	8.11e-33	124	588	549	75	75
g5828.t1	g9551.t1	24.109	477	329	12	4	455	3	471	5.44e-32	122	588	544	77	77
g5831.t1	g9551.t1	26.434	488	299	16	10	456	3	471	9.03e-41	149	696	544	64	64
g5832.t1	g9551.t1	25.091	550	364	16	9	522	3	540	9.60e-42	152	704	544	73	73
g5832.t1	g9552.t1	21.637	513	351	18	18	492	25	524	9.41e-28	110	704	549	67	67
g5833.t1	g9551.t1	27.410	529	341	17	13	510	3	519	8.28e-46	164	742	544	67	67
g5833.t1	g9552.t1	26.327	452	294	11	84	509	98	536	4.50e-35	132	742	549	57	57
g5834.t1	g9551.t1	28.092	477	314	14	8	463	3	471	1.60e-46	166	738	544	62	62
g5834.t1	g9552.t1	26.454	533	332	21	12	499	19	536	6.24e-41	150	738	549	66	66
g5835.t1	g9552.t1	27.356	435	271	12	115	522	127	543	2.22e-41	149	537	549	76	76
g5835.t1	g9551.t1	25.800	531	357	15	16	521	6	524	3.38e-37	137	537	544	94	94
g5835.t1	g9550.t1	33.166	199	122	4	333	521	10	207	2.69e-26	99.4	537	228	35	35
g5836.t1	g9552.t1	28.638	426	260	15	114	511	126	535	2.65e-41	151	747	549	53	53
g5836.t1	g9551.t1	26.306	536	345	14	16	518	6	524	5.34e-37	138	747	544	67	67
g5836.t1	g9550.t1	33.668	199	121	4	330	518	10	207	9.58e-27	101	747	228	25	25
g5837.t1	g9552.t1	27.123	424	264	10	117	508	128	538	1.50e-41	152	751	549	52	52
g5837.t1	g9551.t1	27.767	497	293	15	13	471	3	471	1.41e-38	143	751	544	61	61
g5837.t1	g9550.t1	34.826	201	116	4	324	512	10	207	5.72e-28	105	751	228	25	25
g5838.t1	g9551.t1	27.542	541	351	15	4	513	3	533	7.24e-56	191	668	544	76	76
g5838.t1	g9552.t1	29.462	465	289	12	63	495	81	538	4.17e-55	189	668	549	65	65
g5839.t1	g9551.t1	28.868	530	321	20	15	504	3	516	4.64e-51	175	507	544	97	97
g5839.t1	g9552.t1	24.174	484	314	15	23	469	24	491	1.43e-28	111	507	549	88	88
g5840.t1	g9551.t1	26.040	553	361	19	15	542	3	532	1.59e-43	156	639	544	83	83
g5840.t1	g9552.t1	27.041	392	253	11	106	479	114	490	1.90e-38	142	639	549	59	59
g5841.t1	g9551.t1	25.856	526	344	17	15	513	3	509	3.50e-42	153	719	544	69	69
g5841.t1	g9552.t1	28.460	383	242	11	114	479	123	490	1.84e-38	142	719	549	51	51
g5842.t1	g9551.t1	24.382	566	367	16	15	546	3	541	2.71e-43	156	721	544	74	74
g5842.t1	g9552.t1	29.589	365	228	9	127	478	142	490	1.44e-40	149	721	549	49	49
g5843.t1	g9551.t1	25.051	495	314	16	15	480	3	469	4.60e-40	147	717	544	65	65
g5843.t1	g9552.t1	28.962	366	229	13	129	480	142	490	2.49e-36	136	717	549	49	49
g5844.t1	g9551.t1	25.678	479	328	15	15	477	3	469	7.49e-37	137	697	544	66	66
g5844.t1	g9552.t1	25.275	546	330	23	22	527	22	529	1.46e-32	124	697	549	73	73
g5847.t1	g9551.t1	23.014	491	322	15	15	472	2	469	4.24e-26	104	628	544	73	73
g5850.t1	g9552.t1	24.274	482	319	17	56	509	78	541	8.06e-31	119	620	549	73	73
g5850.t1	g9551.t1	25.404	433	279	13	57	461	53	469	6.53e-29	113	620	544	65	65
g5851.t1	g9551.t1	24.444	495	317	16	16	473	3	477	1.54e-30	118	624	544	73	73
g5852.t1	g9551.t1	22.986	509	351	14	17	494	9	507	2.54e-28	111	618	544	77	77
g5853.t1	g9551.t1	23.188	483	312	14	17	462	9	469	1.45e-28	112	619	544	72	72
g5857.t1	g9551.t1	23.519	557	356	23	9	523	1	529	1.56e-27	108	641	544	80	80
g5862.t1	g9062.t1	36.474	329	190	6	166	482	20	341	6.84e-59	196	778	342	41	41
g5862.t1	g9061.t1	28.922	408	269	7	351	745	6	405	2.65e-48	169	778	443	51	51
g5867.t1	g9551.t1	26.616	526	335	15	15	510	3	507	3.76e-47	168	779	544	64	64
g5868.t1	g9551.t1	25.819	519	343	15	14	504	3	507	1.95e-46	166	716	544	69	69
g5868.t1	g9552.t1	26.179	424	279	12	69	472	81	490	4.82e-33	126	716	549	56	56
g5869.t1	g20100.t1	58.974	78	32	0	163	240	931	1008	5.56e-26	99.0	259	1016	30	30
g5882.t1	g9551.t1	26.630	552	358	13	16	534	3	540	7.66e-51	178	731	544	71	71
g5882.t1	g9552.t1	27.561	537	321	17	21	512	22	535	1.60e-46	166	731	549	67	67
g5882.t1	g9550.t1	33.659	205	118	6	331	521	9	209	1.01e-26	101	731	228	26	26
g5887.t1	g9551.t1	29.193	483	299	13	18	471	3	471	2.31e-49	174	721	544	63	63
g5887.t1	g9552.t1	26.598	485	309	13	69	519	78	549	7.87e-43	155	721	549	63	63
g5889.t1	g9551.t1	25.996	527	361	10	35	542	5	521	1.29e-45	163	738	544	69	69
g5889.t1	g9552.t1	26.964	471	301	11	104	551	97	547	1.78e-42	154	738	549	61	61
g841.t1	g820.t1	29.483	329	229	2	242	568	234	561	1.49e-45	165	753	667	43	43
g851.t1	g23391.t1	36.957	184	83	4	1	156	244	422	1.68e-26	96.7	160	730	98	98
g10137.t1	g20098.t1	40.303	330	157	4	19	325	19	331	1.17e-73	223	325	334	94	94
g10075.t1	g820.t1	34.682	173	109	1	53	221	325	497	4.10e-33	118	226	667	75	75
g624.t1	g12832.t1	64.362	376	92	5	1	343	1	367	2.34e-161	448	343	367	100	100
g624.t1	g19190.t1	57.618	361	68	9	1	343	306	599	2.24e-120	352	343	599	100	100
g635.t1	g20089.t1	57.931	145	38	2	1	122	320	464	2.76e-51	167	235	534	52	52
g641.t1	g20100.t1	35.517	290	142	11	26	281	564	842	1.17e-38	140	416	1016	62	62
g15410.t1	g12159.t1	36.443	343	198	10	27	364	23	350	4.04e-66	210	508	360	67	67
g16666.t1	g12832.t1	67.464	418	85	3	323	740	1	367	0.0	553	740	367	56	56
g16666.t1	g19190.t1	80.488	287	36	1	454	740	333	599	4.37e-159	466	740	599	86	39
g16666.t1	g19190.t1	60.497	362	104	7	1	351	1	334	3.72e-134	402	740	599	86	47
g16669.t1	g819.t1	32.536	209	125	4	798	991	1	208	2.92e-30	116	1695	366	11	11
g16669.t1	g820.t1	33.133	166	109	1	471	636	378	541	3.72e-26	107	1695	667	10	10
g3307.t1	g9551.t1	26.236	526	323	15	15	514	9	495	1.38e-42	154	681	544	73	73
g3307.t1	g9552.t1	24.440	491	324	11	17	482	24	492	4.27e-38	141	681	549	68	68
g3323.t1	g9062.t1	50.000	344	165	4	1	341	2	341	2.03e-113	336	630	342	54	54
g3323.t1	g9061.t1	27.273	418	272	12	204	610	5	401	3.41e-42	150	630	443	65	65
g17722.t1	g5582.t1	34.597	211	128	4	7	210	13	220	3.00e-31	115	1873	223	11	11
g814.t1	g20092.t1	32.973	185	110	3	1	175	628	808	8.23e-30	107	191	864	92	92
g13498.t1	g9551.t1	25.049	507	311	17	1	474	1	471	1.63e-31	121	671	544	71	71
g14522.t1	g9551.t1	25.114	438	279	12	45	455	56	471	1.90e-35	134	770	544	53	53
g17863.t1	g9062.t1	32.792	308	190	6	74	365	33	339	1.07e-53	178	561	342	52	52
g17863.t1	g9061.t1	34.155	284	179	4	234	510	10	292	1.73e-46	161	561	443	49	49
g9167.t1	g9552.t1	24.900	498	302	19	26	483	25	490	6.82e-33	125	738	549	62	62
g11345.t1	g820.t1	37.173	191	119	1	1	191	372	561	1.44e-38	140	444	667	43	43
g11345.t1	g819.t1	40.870	115	68	0	323	437	1	115	1.81e-30	113	444	366	26	26
g11375.t1	g20091.t1	35.470	234	140	5	580	813	200	422	5.09e-40	145	853	427	27	27
g11376.t1	g20092.t1	31.239	557	298	13	6	558	20	495	2.57e-79	259	571	864	97	97
g9386.t1	g15851.t1	31.068	412	227	12	173	543	207	602	2.84e-54	196	1248	780	30	30
g9386.t2	g15851.t1	31.068	412	227	12	173	543	207	602	3.03e-54	196	1249	780	30	30
g9394.t1	g5582.t1	37.838	222	120	6	15	230	13	222	5.53e-34	122	1245	223	17	17
g9400.t1	g20083.t1	38.547	179	101	5	283	454	8	184	5.20e-37	129	704	188	24	24
g9400.t1	g819.t1	33.333	186	121	3	54	237	1	185	2.16e-30	115	704	366	26	26
g9401.t1	g820.t1	23.907	343	229	7	321	661	213	525	3.34e-30	119	787	667	43	43
g9409.t1	g19190.t1	92.063	63	5	0	4	66	272	334	2.12e-37	123	80	599	79	79
g9410.t1	g19190.t1	53.974	302	93	8	1	259	1	299	4.54e-87	263	261	599	99	99
g16616.t1	g17663.t1	68.661	351	33	4	597	945	9	284	4.29e-131	389	945	284	37	37
g5029.t1	g19061.t1	67.045	352	116	0	573	924	3	354	2.00e-153	452	1058	354	33	33
g5064.t1	g9551.t1	24.294	531	352	16	18	516	6	518	3.22e-33	125	609	544	82	82
g5064.t1	g9552.t1	22.569	545	356	20	17	518	17	538	1.31e-30	118	609	549	82	82
g1653.t1	g20083.t1	84.783	184	27	1	276	458	5	188	7.95e-113	327	578	188	32	32
g1653.t1	g819.t1	34.694	147	96	0	68	214	1	147	3.68e-31	117	578	366	25	25
g1662.t1	g20090.t1	92.576	229	17	0	1	229	1	229	1.34e-157	446	653	229	35	35
g1662.t2	g20090.t1	92.576	229	17	0	1	229	1	229	1.05e-158	445	560	229	41	41
g1662.t3	g20090.t1	92.576	229	17	0	1	229	1	229	2.33e-158	446	623	229	37	37
g863.t1	g2644.t1	37.660	470	250	10	176	621	290	740	3.25e-90	298	644	1542	69	69
g863.t2	g2644.t1	37.660	470	250	10	159	604	290	740	3.18e-90	298	627	1542	71	71
g870.t1	g9062.t1	31.481	324	188	9	69	367	27	341	3.02e-39	140	657	342	46	46
g870.t1	g9061.t1	25.296	423	268	15	227	620	2	405	1.18e-30	117	657	443	60	60
g872.t1	g20100.t1	29.837	429	234	11	80	478	260	651	1.21e-48	176	712	1016	56	56
g896.t1	g12981.t1	40.887	203	116	3	286	487	6	205	2.72e-42	142	488	215	41	41
g903.t1	g820.t1	34.969	163	104	1	622	784	365	525	7.89e-27	108	786	667	21	21
g18981.t1	g15851.t1	31.723	476	286	12	62	511	143	605	6.82e-64	224	1085	780	41	41
g18982.t1	g15851.t1	29.247	465	262	13	50	493	183	601	2.11e-52	188	831	780	53	53
g11119.t1	g12832.t1	59.164	311	92	5	23	331	90	367	2.52e-121	346	331	367	93	93
g11119.t1	g19190.t1	54.030	335	109	8	1	331	306	599	2.57e-112	331	331	599	100	100
g12227.t1	g20084.t1	84.722	144	22	0	64	207	1	144	6.09e-74	244	1326	391	11	11
g11727.t1	g2644.t1	27.195	467	285	17	110	545	294	736	1.15e-36	138	578	1542	75	75
g8817.t1	g20083.t1	81.522	184	33	1	276	458	5	188	8.78e-111	318	471	188	39	39
g8817.t1	g819.t1	34.014	147	97	0	68	214	1	147	9.74e-30	111	471	366	31	31
g8818.t1	g820.t1	31.356	354	204	10	261	598	220	550	1.00e-45	166	755	667	45	45
g15828.t1	g9062.t1	44.767	344	182	5	7	350	6	341	6.25e-100	302	662	342	52	52
g15828.t1	g9061.t1	28.293	410	265	12	208	611	3	389	6.74e-43	153	662	443	61	61
g15908.t1	g12159.t1	35.277	343	205	8	27	367	23	350	5.18e-62	205	772	360	44	44
g15908.t1	g12160.t1	31.000	300	186	6	451	734	1	295	5.24e-35	128	772	347	37	37
g3730.t1	g20084.t1	61.386	101	37	2	366	465	109	208	1.46e-35	132	1405	391	17	7
g3730.t1	g20084.t1	43.571	140	77	1	69	206	3	142	7.89e-32	121	1405	391	17	10
g9718.t1	g12160.t1	90.625	96	8	1	1	96	60	154	3.60e-58	175	109	347	88	88
g4734.t1	g20084.t1	90.728	151	11	1	407	557	244	391	2.64e-89	273	557	391	27	27
g8761.t1	g20100.t1	29.041	761	424	26	131	849	265	951	3.64e-80	272	903	1016	80	80
g5428.t1	g1208.t1	72.917	96	25	1	578	673	1	95	2.12e-37	128	1342	96	7	7
g5429.t1	g5582.t1	39.336	211	124	2	12	220	13	221	4.52e-46	145	225	223	93	93
g5430.t1	g1208.t1	75.862	87	21	0	656	742	9	95	2.07e-37	128	1195	96	7	7
g5431.t1	g5582.t1	40.845	213	122	2	7	217	12	222	4.32e-53	163	230	223	92	92
g5432.t1	g1208.t1	70.330	91	26	1	1	91	1	90	3.89e-37	113	96	96	95	95
g22763.t1	g9552.t1	27.191	559	335	23	1	517	1	529	1.19e-43	157	705	549	73	73
g22763.t1	g9551.t1	25.519	482	326	12	15	476	3	471	1.67e-41	151	705	544	66	66
g22769.t1	g9551.t1	22.744	532	345	19	18	509	10	515	4.48e-29	113	626	544	79	79
g22770.t1	g9551.t1	24.658	438	278	15	65	469	55	473	1.44e-29	115	622	544	65	65
g1039.t1	g20090.t1	32.735	223	148	2	3	224	8	229	5.96e-34	122	914	229	24	24
g1778.t1	g820.t1	22.727	352	238	9	335	683	221	541	7.82e-28	111	790	667	44	44
g3613.t1	g19189.t1	54.670	364	145	4	24	379	418	769	1.32e-130	391	501	806	71	71
g3613.t1	g12833.t1	49.802	253	124	2	129	378	599	851	1.57e-81	264	501	892	50	50
g14077.t1	g9062.t1	30.994	342	189	10	20	332	18	341	1.61e-42	145	418	342	75	75
g14089.t1	g20090.t1	92.140	229	18	0	1	229	1	229	1.61e-150	439	1053	229	22	22
g14089.t2	g20090.t1	92.140	229	18	0	1	229	1	229	2.65e-150	439	1051	229	22	22
g14089.t3	g20090.t1	92.140	229	18	0	1	229	1	229	4.53e-150	439	1088	229	21	21
g9098.t1	g1208.t1	63.855	83	30	0	1211	1293	9	91	6.34e-31	109	1492	96	6	6
g1573.t1	g20095.t1	39.623	159	86	2	1	158	1	150	1.30e-31	110	229	310	69	69
g6009.t1	g9552.t1	25.417	539	324	20	16	506	22	530	1.53e-33	127	608	549	81	81
g6009.t1	g9551.t1	22.538	457	301	10	79	504	76	510	7.35e-29	112	608	544	70	70
g18056.t1	g23391.t1	39.152	613	345	10	159	767	140	728	4.70e-137	424	1102	730	55	55
g1947.t1	g9062.t1	33.232	328	178	11	165	461	24	341	6.78e-44	152	607	342	49	49
g1947.t1	g9061.t1	27.526	287	191	6	326	595	2	288	3.93e-30	115	607	443	44	44
g17941.t1	g20095.t1	51.261	119	45	3	1	114	200	310	6.51e-27	94.0	114	310	100	100
g19589.t1	g20100.t1	26.876	573	341	21	55	606	366	881	1.34e-48	177	783	1016	70	70
g19589.t1	g20103.t1	37.727	220	129	3	369	587	69	281	1.16e-47	163	783	282	28	28
g19597.t1	g20100.t1	25.152	656	378	18	7	623	304	885	2.52e-48	176	745	1016	83	83
g19939.t1	g20088.t1	40.807	223	105	7	542	749	1	211	9.01e-39	137	2729	226	8	8
g19939.t2	g20088.t1	40.807	223	105	7	542	749	1	211	7.20e-40	139	788	226	26	26
g19952.t1	g20095.t1	47.134	157	46	7	1	127	1	150	1.62e-30	104	137	310	93	93
g12049.t1	g9551.t1	22.973	444	298	11	68	493	52	469	4.78e-34	129	773	544	55	55
g12057.t1	g9551.t1	27.394	376	254	9	141	504	88	456	2.64e-40	145	538	544	68	68
g12057.t1	g9552.t1	24.424	434	298	12	110	526	79	499	8.44e-36	132	538	549	78	78
g12058.t1	g9551.t1	27.763	389	248	10	152	520	98	473	2.06e-41	149	536	544	69	69
g12058.t1	g9552.t1	25.000	400	269	11	136	518	107	492	1.64e-33	126	536	549	71	71
g12059.t1	g9552.t1	23.092	524	358	15	15	505	24	535	3.08e-36	135	601	549	82	82
g12059.t1	g9551.t1	23.946	522	359	17	15	509	11	521	1.26e-31	121	601	544	82	82
g12068.t1	g9552.t1	26.616	526	335	15	13	500	24	536	1.74e-41	151	709	549	69	69
g12068.t1	g9551.t1	25.333	525	354	12	8	503	6	521	6.34e-41	149	709	544	70	70
g12068.t2	g9552.t1	28.414	454	288	13	32	460	95	536	2.18e-41	150	669	549	64	64
g12068.t2	g9551.t1	26.419	458	300	11	34	463	73	521	3.17e-39	144	669	544	64	64
g12070.t1	g9551.t1	25.806	527	357	16	109	608	6	525	1.06e-32	125	765	544	65	65
g12071.t1	g9551.t1	25.239	523	358	17	10	504	6	523	3.31e-30	117	664	544	75	75
g1709.t1	g20100.t1	26.617	665	411	17	12	661	304	906	2.21e-55	197	731	1016	89	89
g17584.t1	g19189.t1	53.396	854	308	18	686	1497	1	806	0.0	840	1500	806	54	54
g17584.t1	g19190.t1	58.544	673	155	16	1	656	32	597	0.0	694	1500	599	44	44
g17584.t1	g12832.t1	65.026	386	93	4	292	656	1	365	1.13e-158	477	1500	367	24	24
g17584.t1	g12833.t1	34.941	933	430	26	686	1491	1	883	7.95e-145	459	1500	892	54	54
g19656.t1	g20084.t1	84.722	144	22	0	64	207	1	144	7.32e-79	245	512	391	28	28
g965.t1	g17662.t1	75.549	319	59	2	1	319	1	300	1.19e-170	484	416	612	77	77
g988.t1	g9062.t1	28.920	287	173	10	168	427	39	321	1.41e-30	115	879	342	30	30
g13809.t1	g9552.t1	24.946	461	294	16	148	581	80	515	4.77e-33	127	836	549	52	52
g13825.t1	g9551.t1	26.580	538	355	13	15	532	9	526	5.30e-45	160	653	544	79	79
g13825.t1	g9552.t1	25.458	546	339	15	14	523	22	535	2.44e-37	139	653	549	78	78
g9341.t1	g819.t1	30.811	185	123	3	78	260	1	182	1.15e-28	106	342	366	54	54
g8070.t1	g20084.t1	43.571	140	77	1	69	206	3	142	1.37e-33	123	501	391	28	28
g390.t1	g820.t1	33.133	166	109	1	473	638	378	541	1.31e-27	110	784	667	21	21
g539.t1	g20095.t1	50.420	119	46	3	1	114	200	310	1.91e-26	92.4	114	310	100	100
g540.t1	g20095.t1	40.252	159	85	2	1	158	1	150	2.99e-33	112	171	310	92	92
g13529.t1	g20100.t1	21.751	731	447	21	88	751	270	942	1.13e-27	111	823	1016	81	81
g3663.t1	g20083.t1	84.810	79	12	0	74	152	110	188	6.15e-41	141	1019	188	8	8
g3686.t1	g20110.t1	74.375	160	41	0	1	160	41	200	1.72e-95	268	171	214	94	94
g3687.t1	g20108.t1	37.765	519	255	8	7	461	1	515	5.69e-99	312	584	850	78	78
g3687.t1	g20115.t1	40.789	152	83	4	389	538	15	161	2.14e-28	103	584	161	26	26
g3688.t1	g20107.t1	38.660	194	103	6	16	196	9	199	4.69e-33	110	196	199	92	92
g3689.t1	g20106.t1	47.166	441	225	4	1	437	1	437	6.20e-145	413	438	439	99	99
g10769.t1	g16324.t1	64.103	117	41	1	291	407	29	144	3.70e-44	152	804	267	30	15
g10769.t1	g16324.t1	60.656	122	42	2	73	194	148	263	7.48e-43	149	804	267	30	15
g10769.t1	g16323.t1	65.217	115	39	1	293	407	7	120	9.67e-44	150	804	243	29	14
g10769.t1	g16323.t1	60.656	122	42	2	73	194	124	239	4.69e-43	149	804	243	29	15
g2692.t1	g20086.t1	52.062	194	50	2	3	196	96	246	1.07e-56	181	463	249	42	42
g12661.t1	g20092.t1	34.438	543	290	6	1	542	1	478	5.59e-99	312	558	864	97	97
g12681.t1	g9061.t1	33.406	461	266	11	893	1344	9	437	3.17e-68	229	1351	443	33	33
g12681.t1	g9062.t1	35.385	325	191	7	722	1030	20	341	2.31e-53	182	1351	342	23	23
g18526.t1	g5582.t1	40.000	220	126	4	1	217	5	221	5.09e-47	160	1169	223	19	19
g18526.t1	g1208.t1	72.414	87	24	0	840	926	9	95	2.14e-35	122	1169	96	7	7
g6268.t1	g9551.t1	23.048	538	350	16	27	526	16	527	9.36e-34	128	682	544	73	73
g6268.t1	g9552.t1	22.869	481	320	11	52	506	75	530	9.55e-33	125	682	549	67	67
g4899.t1	g20103.t1	50.000	222	103	2	399	620	69	282	1.28e-73	234	806	282	28	28
g4899.t1	g20100.t1	24.779	678	401	19	2	637	270	880	1.54e-52	189	806	1016	79	79
g1229.t1	g9061.t1	29.605	456	273	6	228	675	4	419	2.86e-64	212	695	443	64	64
g1229.t1	g9062.t1	31.310	313	200	4	68	365	27	339	2.53e-51	174	695	342	43	43
g4541.t1	g9062.t1	45.665	346	171	7	13	352	7	341	9.60e-99	299	648	342	52	52
g4541.t1	g9061.t1	29.358	436	264	15	207	630	2	405	1.14e-51	177	648	443	65	65
g8288.t1	g9061.t1	34.298	449	260	7	274	714	9	430	4.66e-81	258	724	443	61	61
g8288.t1	g9062.t1	35.185	324	190	8	101	406	18	339	6.70e-56	187	724	342	42	42
g18457.t1	g16455.t1	56.504	738	284	10	92	824	54	759	0.0	793	1337	1126	79	55
g18457.t1	g16455.t1	44.160	351	150	9	1005	1328	775	1106	5.40e-72	254	1337	1126	79	24
g18457.t1	g16456.t1	46.875	256	123	5	1075	1329	1	244	5.08e-59	196	1337	263	19	19
g15221.t1	g9062.t1	32.822	326	181	9	280	576	23	339	1.70e-41	147	884	342	34	34
g15221.t1	g9061.t1	27.423	423	264	12	446	852	11	406	3.80e-35	131	884	443	46	46
g17796.t1	g20108.t1	56.970	165	67	2	97	257	634	798	2.12e-61	199	260	850	62	62
g17797.t1	g20107.t1	61.644	219	58	2	1	213	1	199	4.33e-85	243	213	199	100	100
g17798.t1	g20106.t1	68.778	442	135	3	1	442	1	439	0.0	631	603	439	73	73
g17798.t1	g20105.t1	54.494	178	63	2	443	602	67	244	4.40e-62	198	603	245	27	27
g17344.t1	g9062.t1	32.812	320	190	7	263	559	24	341	4.38e-43	152	852	342	35	35
g17344.t1	g9061.t1	25.116	430	284	10	424	834	2	412	1.99e-38	141	852	443	48	48
g13389.t1	g820.t1	33.690	374	211	12	283	645	320	667	1.04e-46	167	645	667	56	56
g16422.t1	g12832.t1	71.910	89	25	0	1	89	1	89	1.01e-43	140	152	367	59	59
g16431.t1	g20095.t1	51.261	119	45	3	1	114	200	310	7.54e-27	93.6	114	310	100	100
g16432.t1	g20095.t1	40.252	159	85	2	1	158	1	150	3.19e-33	112	171	310	92	92
g5113.t1	g820.t1	31.624	351	203	10	261	596	220	548	4.74e-45	164	756	667	44	44
g5114.t1	g20083.t1	84.783	184	27	1	276	458	5	188	1.30e-111	327	682	188	27	27
g5114.t1	g819.t1	34.694	147	96	0	68	214	1	147	6.01e-31	117	682	366	22	22
g19211.t1	g20100.t1	28.149	643	368	21	1	618	366	939	1.79e-56	204	1081	1016	57	57
g19222.t1	g9552.t1	27.619	420	281	12	57	455	78	495	1.63e-41	151	712	549	56	56
g19222.t1	g9551.t1	25.265	471	313	13	55	490	52	518	1.31e-40	149	712	544	61	61
g3937.t1	g820.t1	28.693	352	222	7	299	635	221	558	5.01e-35	133	760	667	44	44
g3938.t1	g20083.t1	54.348	184	77	3	217	399	11	188	5.77e-60	190	569	188	32	32
g3938.t1	g819.t1	37.333	225	120	4	23	237	1	214	1.65e-38	137	569	366	38	38
g18582.t1	g9551.t1	29.202	476	303	16	23	479	9	469	1.46e-49	172	567	544	81	81
g18582.t1	g9552.t1	27.880	434	262	15	73	479	81	490	1.44e-42	152	567	549	72	72
g16073.t1	g20095.t1	51.261	119	45	3	1	114	200	310	6.51e-27	94.0	114	310	100	100
g12725.t1	g16455.t1	28.655	513	329	14	32	525	265	759	1.97e-52	189	757	1126	65	65
g5768.t1	g20100.t1	30.829	519	277	18	41	553	317	759	2.01e-56	197	598	1016	86	86
g5341.t1	g16455.t1	32.207	888	515	19	63	908	264	1106	1.93e-129	411	965	1126	88	88
g5341.t1	g16456.t1	40.625	256	134	6	660	909	1	244	2.71e-37	133	965	263	26	26
g17767.t1	g1208.t1	54.737	95	43	0	1588	1682	1	95	5.33e-28	102	2469	96	4	4
g17774.t1	g20084.t1	90.066	151	12	1	424	574	244	391	1.25e-88	272	574	391	44	26
g17774.t1	g20084.t1	66.923	130	13	2	64	163	1	130	1.28e-44	155	574	391	44	17
g17778.t1	g20100.t1	35.294	170	87	3	1	169	594	741	1.98e-27	101	213	1016	79	79
g1795.t1	g820.t1	30.149	335	216	8	229	553	214	540	1.66e-43	159	696	667	47	47
g1796.t1	g819.t1	30.811	185	123	3	78	260	1	182	4.62e-28	107	495	366	37	37
g17900.t1	g9061.t1	34.505	455	262	8	267	713	4	430	4.01e-80	255	723	443	62	62
g17900.t1	g9062.t1	35.185	324	185	8	103	405	20	339	4.42e-59	196	723	342	42	42
g17904.t1	g12833.t1	68.142	113	36	0	1	113	1	113	5.43e-51	165	130	892	87	87
g17905.t1	g12833.t1	57.414	263	99	6	10	262	413	672	3.02e-80	251	263	892	96	96
g1602.t1	g20104.t1	35.311	354	163	7	1	312	1	330	1.09e-68	210	315	342	99	99
g6646.t1	g23391.t1	36.585	615	344	10	119	726	152	727	1.24e-119	376	1031	730	59	59
g11463.t1	g5582.t1	41.096	219	117	4	8	220	9	221	5.87e-48	163	1752	223	12	12
g11463.t1	g1208.t1	78.889	90	19	0	952	1041	6	95	2.24e-40	137	1752	96	5	5
g11465.t1	g5582.t1	47.964	221	105	2	10	230	11	221	1.43e-66	198	238	223	93	93
g11466.t1	g5582.t1	45.238	210	113	2	4	212	13	221	7.06e-56	186	1599	223	13	13
g11466.t1	g1208.t1	71.111	90	26	0	830	919	6	95	1.20e-35	123	1599	96	6	6
g11468.t1	g5582.t1	36.036	222	83	5	1	164	1	221	6.85e-32	115	603	223	27	27
g11470.t1	g5582.t1	45.701	221	119	1	1	220	1	221	2.87e-65	208	722	223	30	30
g11471.t1	g5582.t1	40.476	210	123	2	12	220	13	221	3.89e-46	157	1228	223	17	17
g11471.t1	g1208.t1	61.111	90	35	0	797	886	6	95	2.00e-31	110	1228	96	7	7
g11472.t1	g5582.t1	45.495	222	118	3	1	220	1	221	1.36e-60	199	1234	223	18	18
g11472.t1	g1208.t1	69.565	92	28	0	845	936	4	95	1.83e-35	122	1234	96	7	7
g5611.t1	g12831.t1	68.421	76	23	1	1	75	69	144	2.03e-29	99.4	79	338	95	95
g5612.t1	g12832.t1	77.204	329	24	2	1	278	1	329	5.62e-180	493	285	367	98	98
g5612.t1	g19190.t1	63.436	227	49	1	86	278	335	561	2.20e-93	280	285	599	68	68
g5613.t1	g12833.t1	62.723	896	283	10	1	850	1	891	0.0	1064	850	892	100	100
g5613.t1	g19189.t1	49.810	263	131	1	586	848	545	806	1.34e-82	275	850	806	91	31
g5613.t1	g19189.t1	29.651	516	262	20	1	508	1	423	2.51e-47	173	850	806	91	60
g5621.t2	g20106.t1	42.778	360	165	7	119	441	55	410	7.10e-86	263	453	439	71	71
g4941.t1	g12832.t1	70.455	88	26	0	1	88	1	88	1.28e-42	135	98	367	90	90
g17226.t1	g819.t1	30.811	185	123	3	78	260	1	182	5.48e-28	107	474	366	39	39
g17227.t1	g820.t1	30.149	335	216	8	230	554	214	540	6.12e-43	157	697	667	47	47
g144.t1	g9552.t1	23.810	462	313	12	60	501	74	516	1.60e-36	135	610	549	72	72
g144.t1	g9551.t1	26.509	381	241	13	109	467	95	458	3.79e-31	119	610	544	59	59
g145.t1	g9551.t1	26.230	549	357	18	19	533	3	537	1.02e-39	145	615	544	84	84
g145.t1	g9552.t1	24.214	541	351	18	7	507	3	524	2.43e-37	138	615	549	81	81
g146.t1	g9552.t1	24.138	464	311	13	85	526	80	524	4.11e-37	137	639	549	69	69
g146.t1	g9551.t1	26.949	449	301	14	121	549	93	534	5.64e-34	128	639	544	67	67
g11935.t1	g20083.t1	41.139	158	88	3	198	352	32	187	3.93e-34	121	704	188	22	22
g19662.t1	g9062.t1	32.036	334	177	9	86	383	22	341	1.14e-40	144	634	342	47	47
g19663.t1	g9062.t1	34.104	346	197	9	76	406	12	341	1.29e-49	169	685	342	48	48
g19663.t1	g9061.t1	26.066	422	285	12	268	674	7	416	3.33e-34	128	685	443	59	59
g19664.t1	g9062.t1	31.965	341	193	11	83	402	20	342	3.84e-46	159	681	342	47	47
g19664.t1	g9061.t1	26.995	426	279	13	263	670	5	416	1.06e-37	138	681	443	60	60
g19665.t1	g9061.t1	27.644	416	284	9	263	664	4	416	1.19e-43	155	676	443	59	59
g19665.t1	g9062.t1	31.928	332	200	7	85	402	20	339	2.73e-43	151	676	342	47	47
g20184.t1	g9062.t1	32.407	324	190	8	281	580	23	341	2.08e-40	144	888	342	34	34
g20184.t1	g9061.t1	26.932	427	263	13	448	856	11	406	1.38e-34	130	888	443	46	46
g21071.t1	g15851.t1	32.440	672	380	20	101	719	107	757	3.24e-86	290	1204	780	51	51
g22266.t1	g9061.t1	31.695	407	239	7	225	602	20	416	2.10e-55	187	613	443	62	62
g22266.t1	g9062.t1	29.141	326	185	9	43	327	22	342	3.49e-35	128	613	342	46	46
g18256.t1	g12832.t1	58.454	207	68	4	269	473	166	356	3.32e-70	224	606	367	50	34
g18256.t1	g12832.t1	55.670	97	42	1	20	115	83	179	1.04e-29	112	606	367	50	16
g18256.t1	g19190.t1	58.454	207	68	4	270	474	399	589	2.63e-69	228	606	599	34	34
g14735.t1	g9062.t1	31.624	234	135	5	1	218	78	302	7.79e-32	118	535	342	41	41
g14747.t1	g20095.t1	40.881	159	84	2	1	158	1	150	1.64e-31	108	171	310	92	92
g15118.t1	g9062.t1	74.249	233	60	0	1	233	110	342	1.67e-127	361	331	342	70	70
g15118.t1	g9061.t1	35.065	231	143	4	89	317	1	226	1.17e-38	135	331	443	69	69
g11330.t1	g16455.t1	43.697	238	119	4	162	399	537	759	1.95e-51	187	864	1126	78	28
g11330.t1	g16455.t1	51.908	131	59	2	33	161	55	183	6.48e-33	129	864	1126	78	15
g11330.t1	g16455.t1	27.326	344	203	8	470	778	775	1106	9.42e-28	112	864	1126	78	36
g11330.t1	g16456.t1	32.308	260	147	10	532	779	2	244	7.64e-26	100	864	263	29	29
g11331.t1	g16455.t1	31.300	869	519	24	37	855	266	1106	2.04e-102	337	949	1126	86	86
g20870.t1	g12832.t1	58.373	209	67	4	35	240	160	351	1.12e-70	228	733	367	28	28
g20870.t1	g19190.t1	57.895	209	69	4	35	240	391	583	5.18e-68	227	733	599	28	28
g20872.t1	g23391.t1	36.697	654	362	12	140	786	117	725	1.08e-119	378	1087	730	60	60
g18361.t1	g820.t1	28.571	371	245	9	194	554	180	540	8.63e-43	156	676	667	53	53
g18370.t1	g20088.t1	43.299	194	91	5	572	755	1	185	7.37e-40	140	2803	226	7	7
g6202.t1	g9551.t1	25.940	532	347	16	6	509	3	515	2.99e-35	131	537	544	94	94
g6202.t1	g9552.t1	24.848	495	310	19	2	452	11	487	3.48e-32	122	537	549	84	84
g6204.t1	g20100.t1	29.868	606	341	20	108	684	335	885	5.27e-63	222	843	1016	68	68
g6204.t1	g20103.t1	35.437	206	128	4	458	661	79	281	1.21e-33	123	843	282	24	24
g6207.t1	g9552.t1	28.162	419	275	11	56	453	80	493	2.56e-47	169	797	549	50	50
g6207.t1	g9551.t1	28.381	451	284	15	58	477	59	501	7.76e-46	164	797	544	53	53
g6209.t1	g9551.t1	24.800	500	329	15	10	469	6	498	2.32e-38	142	751	544	61	61
g6209.t1	g9552.t1	22.143	420	289	10	61	457	89	493	7.36e-26	104	751	549	53	53
g6213.t1	g9551.t1	26.195	481	321	11	14	474	3	469	3.74e-38	141	736	544	63	63
g6213.t1	g9552.t1	26.066	422	266	15	110	503	120	523	2.38e-35	133	736	549	54	54
g6214.t1	g9551.t1	28.080	349	229	7	2	336	128	468	1.64e-33	127	603	544	56	56
g6214.t1	g9552.t1	27.066	351	231	9	2	338	152	491	1.07e-30	118	603	549	56	56
g6215.t1	g9552.t1	24.536	485	310	14	23	469	25	491	2.63e-36	135	612	549	73	73
g6215.t1	g9551.t1	25.194	516	330	20	14	498	3	493	1.96e-34	129	612	544	79	79
g6217.t1	g9551.t1	25.470	479	319	14	14	465	3	470	1.60e-39	145	709	544	64	64
g6217.t1	g9552.t1	25.897	390	250	11	102	465	115	491	2.78e-36	136	709	549	51	51
g12203.t1	g9061.t1	37.619	420	246	8	59	469	5	417	1.82e-83	258	492	443	84	84
g12203.t1	g9062.t1	36.723	177	107	3	23	197	169	342	1.44e-34	125	492	342	36	36
g12207.t1	g9062.t1	28.746	327	201	8	54	358	23	339	4.19e-40	140	465	342	66	66
g12209.t1	g9062.t1	29.814	322	195	8	26	326	24	335	9.77e-41	142	501	342	60	60
g12210.t1	g9062.t1	29.085	306	187	8	2	286	43	339	1.15e-38	134	387	342	74	74
g18147.t1	g12832.t1	49.524	210	73	4	1	208	1	179	8.36e-64	196	245	367	85	85
g5125.t1	g5582.t1	34.978	223	134	4	150	370	9	222	2.24e-35	127	2548	223	9	9
g5125.t2	g5582.t1	34.978	223	134	4	150	370	9	222	2.24e-35	127	2562	223	9	9
g4499.t1	g20100.t1	22.207	707	415	23	75	720	270	902	4.12e-28	113	814	1016	79	79
g23374.t1	g9062.t1	30.218	321	196	10	48	346	27	341	6.46e-39	136	458	342	65	65
g23374.t1	g9061.t1	32.710	214	135	4	221	430	18	226	1.24e-33	124	458	443	46	46
g5177.t1	g19189.t1	52.364	825	283	17	513	1246	1	806	0.0	789	1249	806	59	59
g5177.t1	g19190.t1	63.636	473	77	12	27	483	204	597	0.0	546	1249	599	37	37
g5177.t1	g12832.t1	64.508	386	95	4	119	483	1	365	1.42e-158	471	1249	367	29	29
g5177.t1	g12833.t1	33.081	925	380	26	513	1240	1	883	1.39e-130	416	1249	892	58	58
g2348.t1	g20083.t1	35.912	181	107	5	299	471	5	184	3.46e-32	116	991	188	17	17
g2348.t1	g819.t1	30.481	187	125	3	78	262	1	184	1.64e-27	107	991	366	19	19
g2349.t1	g820.t1	30.149	335	216	8	230	554	214	540	2.18e-43	158	693	667	47	47
g21506.t1	g19061.t1	91.445	339	29	0	568	906	1	339	0.0	600	921	354	37	37
g18841.t1	g20088.t1	41.014	217	113	6	572	779	1	211	4.98e-39	137	921	226	23	23
g22275.t1	g820.t1	29.426	401	251	7	163	538	147	540	2.47e-50	178	658	667	57	57
g22289.t1	g20084.t1	60.000	110	41	1	64	173	240	346	3.28e-39	131	198	391	56	56
g4663.t1	g9062.t1	90.643	342	32	0	1	342	1	342	0.0	643	652	342	52	52
g4663.t1	g9061.t1	27.650	434	283	11	202	629	5	413	1.47e-47	166	652	443	66	66
g4664.t1	g9063.t1	99.020	102	1	0	532	633	9	110	1.64e-68	211	633	110	16	16
g23193.t1	g9062.t1	45.428	339	177	6	1	338	10	341	2.30e-95	290	633	342	53	53
g23193.t1	g9061.t1	27.249	389	255	14	215	596	22	389	1.79e-34	128	633	443	60	60
g23194.t1	g9062.t1	44.699	349	184	7	8	355	1	341	3.81e-97	295	649	342	54	54
g23194.t1	g9061.t1	26.087	391	263	10	228	612	19	389	1.30e-38	140	649	443	59	59
g23195.t1	g9062.t1	47.110	346	174	7	9	353	4	341	2.21e-103	311	647	342	53	53
g23195.t1	g9061.t1	26.289	388	256	13	229	608	22	387	1.45e-36	134	647	443	59	59
g11914.t1	g20084.t1	84.722	144	22	0	64	207	1	144	5.43e-82	245	293	391	49	49
g7473.t1	g9062.t1	33.523	352	212	9	14	361	8	341	5.47e-55	184	667	342	52	52
g7473.t1	g9061.t1	24.944	445	300	10	223	660	4	421	1.17e-38	140	667	443	66	66
g23009.t1	g9062.t1	29.434	265	162	9	44	289	24	282	8.40e-32	113	296	342	83	83
g13937.t1	g20089.t1	80.000	70	14	0	10	79	201	270	1.31e-28	100	120	534	58	58
g18377.t1	g9062.t1	30.435	322	201	7	37	342	25	339	1.03e-39	141	693	342	44	44
g18377.t1	g9061.t1	26.371	383	252	12	235	596	32	405	1.60e-36	135	693	443	52	52
g18378.t1	g9551.t1	25.655	534	334	17	14	499	3	521	5.14e-36	135	695	544	70	70
g18378.t1	g9552.t1	24.048	420	279	14	107	496	127	536	7.06e-30	116	695	549	56	56
g18379.t1	g9551.t1	26.534	554	341	19	10	513	3	540	8.34e-43	155	694	544	73	73
g18379.t1	g9552.t1	23.694	536	322	18	19	491	25	536	1.49e-31	121	694	549	68	68
g18380.t1	g9551.t1	26.580	538	329	17	12	499	3	524	9.66e-38	140	680	544	72	72
g18380.t1	g9552.t1	22.368	532	334	18	21	493	25	536	1.02e-26	106	680	549	70	70
g18381.t1	g9551.t1	26.944	553	345	19	10	518	3	540	1.15e-42	154	698	544	73	73
g18381.t1	g9552.t1	23.709	523	341	19	19	495	25	535	5.11e-30	117	698	549	68	68
g18382.t1	g9551.t1	24.771	545	359	18	10	511	3	539	1.56e-37	139	689	544	73	73
g18383.t1	g9551.t1	25.365	548	353	15	10	512	3	539	5.74e-46	164	686	544	73	73
g18383.t1	g9552.t1	23.372	522	339	18	19	490	25	535	6.43e-34	129	686	549	69	69
g18384.t1	g9551.t1	25.176	568	370	15	13	553	3	542	1.38e-47	169	734	544	74	74
g18384.t1	g9552.t1	25.714	420	272	10	89	499	108	496	8.69e-44	158	734	549	56	56
g18385.t1	g9551.t1	25.136	553	344	17	12	510	3	539	7.01e-37	137	695	544	72	72
g18385.t1	g9552.t1	21.764	533	357	17	21	502	25	548	8.45e-30	116	695	549	69	69
g18386.t1	g9552.t1	25.046	543	340	18	8	500	17	542	7.10e-35	132	711	549	69	69
g18388.t1	g9551.t1	24.864	551	367	12	17	537	6	539	2.96e-48	171	728	544	72	72
g18388.t1	g9552.t1	24.188	554	357	18	6	518	7	538	8.21e-37	137	728	549	70	70
g4029.t1	g9551.t1	24.025	487	321	14	15	477	9	470	6.47e-32	122	609	544	76	76
g4029.t1	g9552.t1	23.695	498	316	17	16	477	22	491	3.59e-29	114	609	549	76	76
g18018.t1	g12833.t1	35.230	914	457	27	1	823	1	870	2.28e-149	454	833	892	99	99
g18018.t1	g19189.t1	30.858	862	503	21	1	833	1	798	8.65e-123	382	833	806	100	100
g18019.t1	g12832.t1	57.333	150	46	4	295	442	234	367	1.63e-43	149	442	367	54	33
g18019.t1	g12832.t1	60.000	90	35	1	31	119	90	179	2.76e-30	112	442	367	54	20
g18019.t1	g19190.t1	52.667	150	53	4	295	442	466	599	2.03e-36	133	442	599	60	33
g18019.t1	g19190.t1	46.667	120	53	3	3	119	300	411	1.90e-26	103	442	599	60	26
g9083.t1	g9552.t1	26.239	545	334	17	19	523	26	542	4.95e-51	178	672	549	75	75
g9083.t1	g9551.t1	26.522	460	307	10	60	503	54	498	9.53e-51	177	672	544	66	66
g9084.t1	g9551.t1	26.453	499	305	15	50	519	55	520	1.21e-42	154	667	544	70	70
g9084.t1	g9552.t1	25.836	538	326	19	11	506	19	525	1.28e-41	151	667	549	74	74
g9087.t1	g9551.t1	25.662	491	308	13	15	476	9	471	2.11e-36	136	722	544	64	64
g9087.t1	g9552.t1	25.451	554	339	22	11	521	19	541	4.39e-33	126	722	549	71	71
g2396.t1	g12832.t1	57.407	216	46	1	9	224	1	170	1.45e-79	237	263	367	82	82
g2397.t1	g9552.t1	23.933	539	350	17	13	506	22	545	6.89e-37	137	664	549	74	74
g2397.t1	g9551.t1	22.180	532	365	11	11	504	6	526	5.01e-31	119	664	544	74	74
g2399.t1	g9551.t1	26.164	451	293	12	58	475	57	500	9.70e-46	162	647	544	65	65
g2399.t1	g9552.t1	22.917	528	340	13	10	481	19	535	3.81e-40	147	647	549	73	73
g2400.t1	g9551.t1	23.404	470	315	10	58	487	57	521	4.51e-39	144	649	544	66	66
g2400.t1	g9552.t1	24.190	525	331	18	15	483	22	535	2.40e-34	129	649	549	72	72
g2402.t1	g9552.t1	22.326	533	334	16	15	479	22	542	1.81e-36	135	638	549	73	73
g2402.t1	g9551.t1	24.138	493	293	17	58	481	57	537	1.27e-35	133	638	544	66	66
g2403.t1	g9552.t1	24.767	537	336	20	10	491	19	542	7.34e-41	149	651	549	74	74
g2403.t1	g9551.t1	24.528	477	302	15	58	488	57	521	4.39e-35	132	651	544	66	66
g2404.t1	g9551.t1	23.709	523	336	15	11	493	6	505	1.11e-29	115	671	544	72	72
g2405.t1	g9552.t1	21.415	523	362	13	16	500	24	535	3.77e-32	123	685	549	71	71
g2405.t1	g9551.t1	22.430	535	355	14	11	504	6	521	8.12e-29	113	685	544	72	72
g20073.t1	g820.t1	21.368	351	249	6	323	667	212	541	5.24e-28	112	776	667	44	44
g20074.t1	g819.t1	29.327	208	115	3	83	258	1	208	1.69e-29	109	356	366	49	49
g5747.t1	g9061.t1	25.967	362	246	8	6	363	46	389	1.39e-38	136	398	443	90	90
g5747.t1	g9062.t1	51.887	106	49	2	1	106	238	341	8.94e-30	110	398	342	27	27
g16325.t1	g9552.t1	20.339	531	368	12	16	505	24	540	5.88e-34	129	667	549	73	73
g16325.t1	g9551.t1	22.407	482	345	10	11	473	6	477	7.36e-33	125	667	544	69	69
g16326.t1	g9552.t1	21.938	547	360	17	13	518	22	542	1.01e-31	122	681	549	74	74
g16326.t1	g9551.t1	23.750	480	309	15	11	464	6	454	1.50e-27	109	681	544	67	67
g16327.t1	g9551.t1	23.660	541	351	15	11	509	6	526	8.65e-38	140	665	544	75	75
g16327.t1	g9552.t1	21.576	533	359	13	16	505	24	540	6.04e-33	125	665	549	74	74
g16328.t1	g9551.t1	23.467	473	318	14	11	462	6	455	1.10e-30	119	679	544	67	67
g16329.t1	g9551.t1	21.598	463	330	10	11	454	6	454	1.29e-27	109	673	544	66	66
g16330.t1	g9551.t1	26.050	476	308	13	58	500	57	521	4.22e-40	147	761	544	58	58
g16330.t1	g9552.t1	23.303	545	351	19	13	509	22	547	8.31e-39	144	761	549	65	65
g16331.t1	g9552.t1	26.095	525	334	15	51	532	24	537	1.86e-43	157	687	549	70	70
g16331.t1	g9551.t1	25.342	438	284	10	143	547	103	530	1.63e-39	145	687	544	59	59
g16332.t1	g9551.t1	27.021	433	266	13	123	517	103	523	4.14e-40	147	671	544	59	59
g16332.t1	g9552.t1	24.665	523	344	14	31	512	24	537	5.74e-38	140	671	549	72	72
g16333.t1	g9551.t1	24.301	465	306	12	33	467	9	457	3.31e-41	147	485	544	90	90
g16333.t1	g9552.t1	25.373	469	298	14	35	466	24	477	1.08e-39	143	485	549	89	89
g16334.t1	g9552.t1	26.294	483	316	14	11	464	19	490	9.05e-43	154	659	549	69	69
g16334.t1	g9551.t1	25.265	471	321	13	15	464	9	469	7.82e-39	143	659	544	68	68
g16335.t1	g9551.t1	24.299	535	354	15	14	511	8	528	2.43e-34	129	667	544	75	75
g16335.t1	g9552.t1	23.034	534	339	16	17	498	24	537	4.39e-33	126	667	549	72	72
g6315.t1	g20084.t1	90.728	151	11	1	2	152	244	391	1.05e-95	274	152	391	99	99
g6315.t2	g20084.t1	90.728	151	11	1	491	641	244	391	2.24e-89	276	641	391	46	24
g6315.t2	g20084.t1	84.722	144	22	0	64	207	1	144	2.81e-77	244	641	391	46	22
g13967.t1	g13785.t1	100.000	102	0	0	1	102	1	102	3.65e-74	209	135	102	76	76
g10561.t1	g820.t1	28.032	371	247	9	194	554	180	540	1.71e-42	155	669	667	54	54
g10561.t2	g820.t1	28.032	371	247	9	194	554	180	540	1.44e-42	156	697	667	52	52
g10562.t1	g819.t1	30.811	185	123	3	78	260	1	182	2.42e-28	105	350	366	52	52
g4013.t1	g9552.t1	23.109	476	300	13	16	432	22	490	6.45e-31	119	577	549	72	72
g19883.t1	g16455.t1	30.841	535	242	18	34	501	287	760	1.97e-57	207	987	1126	72	47
g19883.t1	g16455.t1	35.685	241	127	2	592	804	774	1014	1.17e-40	154	987	1126	72	22
g19883.t1	g16455.t1	43.537	147	78	3	5	147	39	184	1.29e-27	112	987	1126	72	14
g19883.t1	g16456.t1	42.949	156	85	1	659	810	2	157	1.65e-30	114	987	263	15	15
g19884.t1	g16455.t1	33.646	853	476	21	56	868	304	1106	3.00e-130	412	924	1126	88	88
g19884.t1	g16456.t1	39.179	268	125	6	616	869	1	244	4.22e-39	138	924	263	27	27
g19885.t1	g16455.t1	34.247	438	269	7	21	447	264	693	3.85e-66	221	448	1126	95	95
g19886.t1	g16455.t1	32.867	429	226	12	4	400	708	1106	3.16e-58	199	467	1126	85	85
g19886.t1	g16456.t1	39.535	258	134	7	152	401	1	244	1.12e-37	131	467	263	54	54
g19887.t1	g16455.t1	32.836	268	133	5	192	457	538	760	2.94e-40	152	859	1126	56	31
g19887.t1	g16455.t1	35.102	245	129	6	528	744	776	1018	5.92e-35	135	859	1126	56	25
g19887.t1	g16456.t1	42.466	146	78	2	595	735	2	146	5.82e-26	100	859	263	16	16
g19888.t1	g16455.t1	32.155	905	520	24	23	893	262	1106	2.69e-121	389	954	1126	91	91
g19889.t1	g16455.t1	33.035	893	505	30	37	888	266	1106	7.07e-121	389	968	1126	88	88
g19889.t1	g16456.t1	34.630	257	148	8	638	889	3	244	2.79e-29	110	968	263	26	26
g9041.t1	g20100.t1	61.111	72	28	0	1	72	1	72	1.15e-27	100	168	1016	43	43
g9417.t1	g19061.t1	91.525	354	30	0	650	1003	1	354	0.0	630	1003	354	35	35
g9419.t1	g19061.t1	91.525	354	30	0	650	1003	1	354	0.0	630	1006	354	35	35
g19034.t1	g16455.t1	39.252	1070	522	22	16	997	50	1079	0.0	672	1002	1126	98	98
g19034.t1	g16456.t1	41.048	229	114	6	776	997	2	216	2.68e-38	136	1002	263	22	22
g949.t1	g9062.t1	51.542	227	105	4	14	239	119	341	5.20e-78	241	533	342	42	42
g949.t1	g9061.t1	26.410	390	257	13	115	496	22	389	2.26e-37	135	533	443	72	72
g950.t1	g9062.t1	44.798	346	182	7	9	353	4	341	1.32e-96	293	644	342	54	54
g950.t1	g9061.t1	27.013	385	256	11	228	605	21	387	1.46e-37	137	644	443	59	59
g952.t1	g9062.t1	48.058	206	96	4	1	202	143	341	9.11e-60	192	478	342	42	42
g952.t1	g9061.t1	26.076	395	272	9	59	441	3	389	5.35e-40	142	478	443	80	80
g6620.t1	g20101.t1	37.063	143	90	0	1313	1455	1	143	1.08e-34	122	1534	159	9	9
g6620.t2	g20101.t1	37.063	143	90	0	1299	1441	1	143	1.02e-34	123	1520	159	9	9
g6624.t1	g20101.t1	50.575	87	43	0	1456	1542	1	87	2.20e-27	102	1661	159	5	5
g6624.t2	g20101.t1	50.575	87	43	0	1461	1547	1	87	2.38e-27	102	1666	159	5	5
g3115.t1	g1208.t1	85.263	95	14	0	482	576	1	95	2.81e-45	150	1322	96	7	7
g4244.t1	g20089.t1	67.391	138	44	1	13	149	331	468	1.77e-65	201	168	534	82	82
g4404.t1	g9552.t1	24.816	407	264	12	124	502	81	473	1.87e-30	119	1027	549	37	37
g4404.t1	g9551.t1	23.881	402	276	7	125	503	59	453	3.31e-30	118	1027	544	37	37
g4408.t1	g9552.t1	23.464	537	351	18	70	565	24	541	1.42e-31	122	757	549	66	66
g4408.t1	g9551.t1	23.722	489	331	14	66	529	7	478	8.00e-31	119	757	544	61	61
g4414.t1	g9552.t1	22.947	475	323	12	115	556	81	545	4.33e-27	107	627	549	70	70
g4416.t1	g9552.t1	25.670	522	340	14	82	565	24	535	2.87e-30	118	764	549	63	63
g12489.t1	g9062.t1	30.159	315	182	9	233	517	33	339	4.65e-36	131	739	342	39	39
g6378.t1	g17665.t1	100.000	69	0	0	742	810	1	69	6.33e-45	147	810	69	9	9
g6378.t2	g17665.t1	100.000	69	0	0	768	836	1	69	5.47e-45	148	836	69	8	8
g6379.t1	g17664.t1	99.518	415	2	0	1	415	1	415	0.0	847	415	415	100	100
g6380.t1	g17661.t1	97.753	89	2	0	1	89	1	89	9.36e-61	185	433	90	21	21
g3138.t2	g820.t1	32.443	262	159	5	277	527	304	558	1.07e-33	128	593	667	42	42
g9310.t1	g12833.t1	32.579	221	142	2	418	632	666	885	2.22e-29	115	635	892	34	34
g1245.t1	g20101.t1	36.364	143	91	0	575	717	1	143	1.74e-33	118	778	159	18	18
g1246.t1	g20101.t1	36.364	143	91	0	674	816	1	143	2.34e-31	112	877	159	16	16
g18353.t1	g16455.t1	36.444	900	477	18	28	889	264	1106	4.28e-175	531	944	1126	91	91
g18353.t1	g16456.t1	38.583	254	138	5	644	890	2	244	6.45e-44	152	944	263	26	26
g12687.t1	g5582.t1	75.676	222	54	0	1	222	1	222	5.97e-120	356	910	223	24	24
g12687.t2	g5582.t1	82.353	102	18	0	1	102	1	102	9.55e-56	184	854	223	12	12
g7812.t2	g16455.t1	32.227	512	276	10	33	505	285	764	1.26e-71	249	947	1126	50	50
g7815.t1	g16455.t1	27.532	701	341	17	390	1064	503	1062	3.98e-68	241	1124	1126	94	60
g7815.t1	g16455.t1	31.218	394	201	11	11	397	51	381	6.03e-41	155	1124	1126	94	34
g7815.t1	g16456.t1	38.217	157	96	1	853	1009	2	157	9.92e-29	108	1124	263	14	14
g7816.t1	g16455.t1	26.990	867	510	26	174	981	304	1106	2.36e-82	282	1015	1126	80	80
g7817.t1	g16455.t1	29.955	898	490	30	161	979	269	1106	1.33e-93	315	1033	1126	79	79
g7819.t1	g16455.t1	71.905	210	46	4	1	201	41	246	2.64e-91	283	227	1126	89	89
g1132.t1	g16455.t1	31.322	779	478	21	7	748	269	1027	8.79e-101	332	914	1126	81	81
g19116.t1	g1208.t1	62.069	87	33	0	1358	1444	9	95	7.45e-30	107	2174	96	4	4
g13852.t1	g20084.t1	84.722	144	22	0	64	207	1	144	7.03e-82	245	293	391	49	49
g22957.t1	g16455.t1	50.000	144	65	2	57	193	46	189	1.21e-42	147	258	1126	53	53
g22958.t1	g16455.t1	39.831	1067	480	25	31	1013	118	1106	0.0	658	1193	1126	82	82
g22958.t1	g16456.t1	39.382	259	132	7	762	1014	5	244	5.42e-42	147	1193	263	21	21
g17886.t1	g20098.t1	80.838	334	64	0	1	334	1	334	0.0	528	334	334	100	100
g17887.t1	g20097.t1	89.516	124	13	0	1	124	1	124	7.83e-81	231	180	185	69	69
g17889.t1	g20096.t1	52.027	148	48	2	1	125	1	148	3.72e-46	142	175	176	71	71
g22786.t1	g9061.t1	53.288	441	196	4	1	433	1	439	5.29e-167	470	445	443	97	97
g22786.t1	g9062.t1	36.879	141	88	1	5	145	202	341	3.16e-29	109	445	342	32	32
g1094.t1	g9061.t1	23.936	376	258	10	2	357	37	404	2.30e-29	110	397	443	90	90
g14486.t1	g15851.t1	33.652	419	255	10	1	399	192	607	3.19e-69	230	552	780	72	72
g14486.t2	g15851.t1	32.548	467	278	12	109	555	158	607	3.12e-70	237	708	780	63	63
g20038.t1	g16455.t1	28.595	598	316	16	641	1198	495	1021	1.63e-61	222	1304	1126	84	43
g20038.t1	g16455.t1	33.254	421	229	12	279	692	45	420	2.84e-48	179	1304	1126	84	32
g20038.t1	g16455.t1	40.000	180	74	5	4	181	42	189	9.46e-26	107	1304	1126	84	14
g9311.t1	g9552.t1	23.183	509	342	13	14	475	22	528	1.04e-35	134	645	549	72	72
g9311.t1	g9551.t1	24.311	399	262	10	85	445	76	472	8.73e-29	112	645	544	56	56
g9312.t1	g9551.t1	24.112	535	349	14	13	523	9	510	5.08e-35	132	695	544	74	74
g9312.t1	g9552.t1	24.341	493	309	14	62	526	75	531	6.34e-35	132	695	549	67	67
g9314.t1	g9552.t1	22.841	521	359	16	16	505	22	530	2.22e-29	114	659	549	74	74
g9314.t1	g9551.t1	24.640	556	357	19	15	533	9	539	2.62e-29	114	659	544	79	79
g12797.t1	g16455.t1	56.535	635	204	9	1	569	132	760	0.0	658	1041	1126	86	55
g12797.t1	g16455.t1	52.874	348	131	6	691	1013	767	1106	5.69e-102	338	1041	1126	86	31
g12797.t1	g16456.t1	69.112	259	80	0	771	1029	1	259	1.16e-111	339	1041	263	25	25
g12799.t1	g16455.t1	72.581	496	135	1	25	519	263	758	0.0	732	997	1126	83	50
g12799.t1	g16455.t1	49.582	359	149	5	662	996	775	1125	9.22e-95	317	997	1126	83	34
g12799.t1	g16456.t1	96.578	263	9	0	735	997	1	263	0.0	524	997	263	26	26
g8709.t1	g1208.t1	75.556	90	22	0	403	492	6	95	1.36e-37	128	1135	96	8	8
g22467.t1	g9552.t1	26.304	460	289	14	62	486	76	520	9.04e-37	137	693	549	61	61
g22467.t1	g9551.t1	26.477	491	301	17	11	465	3	469	2.89e-35	132	693	544	66	66
g5651.t1	g9552.t1	26.128	532	335	14	14	512	22	528	5.71e-43	155	682	549	73	73
g5651.t1	g9551.t1	23.651	482	326	13	13	476	9	466	6.84e-30	116	682	544	68	68
g926.t1	g20083.t1	43.333	180	97	3	277	451	5	184	5.47e-43	147	860	188	20	20
g927.t1	g820.t1	23.596	356	247	9	288	628	212	557	4.90e-27	108	791	667	43	43
g11624.t1	g16455.t1	30.122	903	524	25	5	863	267	1106	1.99e-105	346	965	1126	89	89
g11625.t1	g16455.t1	30.474	781	462	20	4	741	266	1008	4.43e-100	326	751	1126	98	98
g8480.t1	g19189.t1	43.000	300	114	5	2	273	71	341	3.22e-67	215	273	806	99	99
g8482.t1	g19189.t1	50.685	146	25	1	1	99	645	790	7.93e-42	137	99	806	100	100
g1632.t1	g9062.t1	51.613	310	145	4	1	309	37	342	2.04e-108	322	601	342	51	51
g1632.t1	g9061.t1	25.187	401	277	8	171	567	8	389	3.57e-39	141	601	443	66	66
g18549.t1	g20090.t1	91.703	229	19	0	1	229	1	229	1.30e-158	434	308	229	74	74
g18938.t1	g820.t1	40.361	166	97	1	124	289	367	530	2.41e-34	124	316	667	53	53
g12333.t1	g1208.t1	75.556	90	22	0	430	519	6	95	4.11e-38	129	1060	96	8	8
g12334.t1	g5582.t1	37.662	154	92	2	12	163	13	164	2.26e-30	103	172	223	88	88
g17418.t1	g19189.t1	79.221	77	16	0	21	97	730	806	4.55e-38	127	100	806	77	77
g13385.t1	g16455.t1	43.919	148	79	2	4	149	38	183	6.85e-36	124	169	1126	86	86
g13969.t1	g9061.t1	25.000	384	254	9	4	372	48	412	2.28e-35	127	390	443	95	95
g4374.t1	g20092.t1	37.879	726	378	8	184	901	196	856	1.48e-162	490	905	864	79	79
g4375.t1	g20091.t1	40.476	210	122	1	609	818	220	426	5.29e-53	183	847	427	25	25
g17647.t1	g20097.t1	48.182	110	57	0	25	134	12	121	3.88e-30	106	338	185	33	33
g12777.t1	g20100.t1	28.235	595	358	15	21	600	338	878	8.42e-59	208	766	1016	76	76
g4376.t1	g820.t1	31.624	351	203	10	122	457	220	548	1.92e-45	163	617	667	54	54
g4377.t1	g20083.t1	84.239	184	28	1	276	458	5	188	1.31e-112	325	529	188	35	35
g4377.t1	g819.t1	34.694	147	96	0	68	214	1	147	2.65e-31	117	529	366	28	28
g13772.t1	g16455.t1	30.281	677	369	19	93	725	489	1106	9.39e-74	254	828	1126	76	76
g8519.t1	g819.t1	32.986	288	145	10	59	302	1	284	4.87e-27	101	303	366	81	81
g4022.t1	g20092.t1	43.421	152	84	1	85	234	307	458	1.01e-35	126	236	864	64	64
g4327.t1	g20083.t1	40.606	165	90	4	403	560	23	186	1.96e-36	127	608	188	26	26
g4327.t1	g819.t1	32.796	186	122	3	158	341	1	185	1.09e-29	112	608	366	30	30
g13771.t1	g820.t1	32.150	535	283	13	279	788	188	667	7.68e-64	218	788	667	65	65
g505.t1	g820.t1	49.032	155	79	0	392	546	380	534	7.62e-46	163	549	667	28	28
g18547.t1	g820.t1	38.220	191	106	2	1	183	372	558	3.49e-45	155	310	667	59	59
g18119.t1	g819.t1	32.787	183	120	3	41	221	1	182	1.84e-31	117	484	366	37	37
g12793.t1	g9062.t1	46.629	356	172	8	1	353	1	341	5.49e-103	304	465	342	76	76
g12793.t1	g9061.t1	31.064	235	155	4	209	442	2	230	8.34e-35	127	465	443	50	50
g2159.t1	g9551.t1	26.230	549	342	16	15	529	9	528	3.99e-49	173	695	544	74	74
g2159.t1	g9552.t1	25.179	560	356	16	2	525	10	542	5.44e-45	161	695	549	75	75
g17069.t1	g15851.t1	31.148	488	241	13	111	511	142	621	1.66e-60	209	665	780	60	60
g18403.t1	g20083.t1	43.169	183	95	4	198	371	2	184	4.41e-43	147	775	188	22	22
g18479.t1	g20083.t1	39.490	157	93	1	277	431	29	185	1.98e-32	116	784	188	20	20
g4666.t1	g16455.t1	65.596	218	75	0	1	218	541	758	5.53e-94	296	385	1126	57	57
g4667.t1	g16455.t1	77.947	263	57	1	24	285	262	524	4.34e-140	415	286	1126	92	92
